Date,SKU Name,Target,G - Done,A-Done,B-Done,C-Done,Achieved,Achived %,Pending,Remarks
2025-09-01,Badam Katli,600,180.0,240.0,180.0,0.0,600.0,1.0,0.0,
2025-09-01,Mysore Pak,600,0.0,0.0,0.0,0.0,0.0,0.0,-600.0,
2025-09-01,Besan Laddoo,300,150.0,120.0,60.0,0.0,330.0,1.1,30.0,
2025-09-01,Milk Peda,180,0.0,0.0,0.0,0.0,0.0,0.0,-180.0,
2025-09-02,Mysore Pak,480,144.0,0.0,144.0,0.0,288.0,0.6,-192.0,
2025-09-02,Coconut Laddoo,480,240.0,0.0,96.0,48.0,384.0,0.8,-96.0,
2025-09-02,Badam Katli,480,0.0,0.0,96.0,0.0,96.0,0.2,-384.0,
2025-09-03,Mysore Pak,180,54.0,0.0,54.0,18.0,126.0,0.7,-54.0,
2025-09-03,Besan Laddoo,300,0.0,120.0,0.0,0.0,120.0,0.4,-180.0,
2025-09-03,Kaju Katli Classic,180,0.0,72.0,36.0,0.0,108.0,0.6,-72.0,
2025-09-03,Coconut Laddoo,600,300.0,360.0,120.0,0.0,780.0,1.3,180.0,
2025-09-04,Badam Katli,180,0.0,0.0,36.0,18.0,54.0,0.3,-126.0,
2025-09-04,Mysore Pak,480,144.0,192.0,96.0,0.0,432.0,0.9,-48.0,
2025-09-04,Besan Laddoo,480,144.0,288.0,144.0,48.0,624.0,1.3,144.0,
2025-09-05,Badam Katli,180,54.0,0.0,54.0,18.0,126.0,0.7,-54.0,
2025-09-05,Coconut Laddoo,600,300.0,240.0,120.0,0.0,660.0,1.1,60.0,
2025-09-05,Pista Burfi,300,90.0,0.0,60.0,30.0,180.0,0.6,-120.0,
2025-09-05,Kaju Katli Classic,180,54.0,0.0,36.0,18.0,108.0,0.6,-72.0,
2025-09-06,Badam Katli,180,0.0,0.0,54.0,0.0,54.0,0.3,-126.0,
2025-09-06,Mysore Pak,300,0.0,180.0,90.0,0.0,270.0,0.9,-30.0,
2025-09-06,Kaju Katli Classic,300,90.0,180.0,60.0,0.0,330.0,1.1,30.0,
2025-09-07,Milk Peda,480,240.0,192.0,144.0,0.0,576.0,1.2,96.0,
2025-09-07,Besan Laddoo,180,90.0,0.0,0.0,18.0,108.0,0.6,-72.0,
2025-09-07,Badam Katli,600,300.0,360.0,180.0,0.0,840.0,1.4,240.0,
2025-09-08,Badam Katli,480,144.0,0.0,144.0,0.0,288.0,0.6,-192.0,
2025-09-08,Motichoor Laddoo,480,144.0,192.0,0.0,48.0,384.0,0.8,-96.0,
2025-09-09,Milk Peda,300,0.0,180.0,0.0,0.0,180.0,0.6,-120.0,
2025-09-09,Motichoor Laddoo,480,144.0,0.0,96.0,0.0,240.0,0.5,-240.0,
2025-09-09,Badam Katli,480,144.0,288.0,96.0,0.0,528.0,1.1,48.0,
2025-09-10,Kaju Katli Classic,240,120.0,0.0,0.0,0.0,120.0,0.5,-120.0,
2025-09-10,Coconut Laddoo,300,150.0,120.0,90.0,30.0,390.0,1.3,90.0,
2025-09-10,Milk Peda,180,54.0,0.0,36.0,0.0,90.0,0.5,-90.0,
2025-09-10,Badam Katli,480,144.0,192.0,144.0,0.0,480.0,1.0,0.0,
2025-09-11,Besan Laddoo,240,120.0,96.0,0.0,0.0,216.0,0.9,-24.0,
2025-09-11,Milk Peda,600,0.0,360.0,0.0,60.0,420.0,0.7,-180.0,
2025-09-11,Kaju Katli Classic,300,0.0,120.0,90.0,0.0,210.0,0.7,-90.0,
2025-09-11,Badam Katli,180,90.0,108.0,0.0,0.0,198.0,1.1,18.0,
2025-09-12,Milk Peda,240,72.0,96.0,48.0,0.0,216.0,0.9,-24.0,
2025-09-12,Mysore Pak,300,150.0,180.0,60.0,0.0,390.0,1.3,90.0,
2025-09-12,Kaju Katli Classic,600,180.0,360.0,180.0,0.0,720.0,1.2,120.0,
2025-09-12,Besan Laddoo,240,72.0,0.0,48.0,0.0,120.0,0.5,-120.0,
2025-09-13,Milk Peda,180,54.0,0.0,36.0,0.0,90.0,0.5,-90.0,
2025-09-13,Besan Laddoo,600,0.0,360.0,0.0,0.0,360.0,0.6,-240.0,
2025-09-13,Motichoor Laddoo,240,120.0,144.0,0.0,0.0,264.0,1.1,24.0,
2025-09-13,Kaju Katli Classic,240,120.0,0.0,72.0,24.0,216.0,0.9,-24.0,
2025-09-14,Motichoor Laddoo,480,240.0,288.0,144.0,0.0,672.0,1.4,192.0,
2025-09-14,Mysore Pak,300,90.0,0.0,60.0,0.0,150.0,0.5,-150.0,
2025-09-14,Besan Laddoo,180,0.0,108.0,0.0,0.0,108.0,0.6,-72.0,
2025-09-15,Motichoor Laddoo,180,54.0,72.0,0.0,0.0,126.0,0.7,-54.0,
2025-09-15,Kaju Katli Classic,600,300.0,360.0,180.0,0.0,840.0,1.4,240.0,
2025-09-15,Milk Peda,180,0.0,72.0,36.0,18.0,126.0,0.7,-54.0,
2025-09-16,Badam Katli,180,90.0,0.0,54.0,0.0,144.0,0.8,-36.0,
2025-09-16,Milk Peda,480,240.0,0.0,0.0,0.0,240.0,0.5,-240.0,
2025-09-16,Motichoor Laddoo,180,54.0,108.0,54.0,0.0,216.0,1.2,36.0,
2025-09-17,Pista Burfi,180,0.0,108.0,36.0,18.0,162.0,0.9,-18.0,
2025-09-17,Coconut Laddoo,180,0.0,108.0,0.0,0.0,108.0,0.6,-72.0,
2025-09-17,Besan Laddoo,480,0.0,192.0,96.0,0.0,288.0,0.6,-192.0,
2025-09-18,Kaju Katli Classic,180,90.0,0.0,36.0,0.0,126.0,0.7,-54.0,
2025-09-18,Mysore Pak,300,90.0,120.0,60.0,0.0,270.0,0.9,-30.0,
2025-09-18,Pista Burfi,240,120.0,0.0,0.0,0.0,120.0,0.5,-120.0,
2025-09-18,Motichoor Laddoo,300,0.0,120.0,0.0,0.0,120.0,0.4,-180.0,
2025-09-19,Kaju Katli Classic,600,0.0,240.0,120.0,0.0,360.0,0.6,-240.0,
2025-09-19,Mysore Pak,240,0.0,96.0,0.0,0.0,96.0,0.4,-144.0,
2025-09-19,Badam Katli,300,0.0,120.0,90.0,0.0,210.0,0.7,-90.0,
2025-09-19,Coconut Laddoo,240,72.0,96.0,72.0,0.0,240.0,1.0,0.0,
2025-09-20,Pista Burfi,240,0.0,96.0,48.0,0.0,144.0,0.6,-96.0,
2025-09-20,Milk Peda,300,0.0,0.0,60.0,30.0,90.0,0.3,-210.0,
2025-09-21,Motichoor Laddoo,600,0.0,360.0,180.0,60.0,600.0,1.0,0.0,
2025-09-21,Besan Laddoo,300,90.0,0.0,60.0,0.0,150.0,0.5,-150.0,
2025-09-22,Coconut Laddoo,240,0.0,144.0,72.0,24.0,240.0,1.0,0.0,
2025-09-22,Mysore Pak,300,90.0,120.0,0.0,0.0,210.0,0.7,-90.0,
2025-09-22,Pista Burfi,180,90.0,72.0,54.0,18.0,234.0,1.3,54.0,
2025-09-22,Besan Laddoo,240,0.0,96.0,72.0,0.0,168.0,0.7,-72.0,
2025-09-23,Badam Katli,180,90.0,108.0,54.0,0.0,252.0,1.4,72.0,
2025-09-23,Motichoor Laddoo,600,180.0,360.0,180.0,0.0,720.0,1.2,120.0,
2025-09-24,Kaju Katli Classic,300,0.0,0.0,90.0,30.0,120.0,0.4,-180.0,
2025-09-24,Coconut Laddoo,180,0.0,0.0,36.0,0.0,36.0,0.2,-144.0,
2025-09-24,Badam Katli,240,72.0,144.0,0.0,24.0,240.0,1.0,0.0,
2025-09-24,Mysore Pak,180,90.0,0.0,36.0,0.0,126.0,0.7,-54.0,
2025-09-25,Mysore Pak,300,90.0,180.0,60.0,0.0,330.0,1.1,30.0,
2025-09-25,Motichoor Laddoo,480,240.0,0.0,96.0,0.0,336.0,0.7,-144.0,
2025-09-25,Badam Katli,180,0.0,72.0,36.0,0.0,108.0,0.6,-72.0,
2025-09-25,Coconut Laddoo,180,0.0,0.0,0.0,0.0,0.0,0.0,-180.0,
2025-09-26,Milk Peda,300,150.0,120.0,0.0,0.0,270.0,0.9,-30.0,
2025-09-26,Coconut Laddoo,300,90.0,180.0,60.0,0.0,330.0,1.1,30.0,
2025-09-26,Motichoor Laddoo,300,150.0,120.0,60.0,0.0,330.0,1.1,30.0,
2025-09-27,Kaju Katli Classic,240,120.0,144.0,72.0,0.0,336.0,1.4,96.0,
2025-09-27,Milk Peda,240,72.0,0.0,48.0,0.0,120.0,0.5,-120.0,
2025-09-27,Badam Katli,600,300.0,240.0,120.0,60.0,720.0,1.2,120.0,
2025-09-27,Motichoor Laddoo,240,0.0,96.0,48.0,0.0,144.0,0.6,-96.0,
2025-09-28,Pista Burfi,600,180.0,240.0,0.0,0.0,420.0,0.7,-180.0,
2025-09-28,Coconut Laddoo,600,180.0,240.0,180.0,60.0,660.0,1.1,60.0,
2025-09-28,Badam Katli,240,120.0,96.0,0.0,0.0,216.0,0.9,-24.0,
2025-09-28,Besan Laddoo,480,0.0,192.0,0.0,0.0,192.0,0.4,-288.0,
2025-09-29,Badam Katli,480,240.0,288.0,96.0,0.0,624.0,1.3,144.0,
2025-09-29,Milk Peda,180,90.0,108.0,54.0,18.0,270.0,1.5,90.0,
2025-09-30,Milk Peda,240,120.0,0.0,0.0,0.0,120.0,0.5,-120.0,
2025-09-30,Besan Laddoo,240,72.0,0.0,48.0,24.0,144.0,0.6,-96.0,
2025-09-30,Badam Katli,600,300.0,360.0,120.0,60.0,840.0,1.4,240.0,
2025-09-30,Motichoor Laddoo,240,0.0,96.0,48.0,0.0,144.0,0.6,-96.0,
2025-10-01,Kaju Katli Classic,480,144.0,0.0,0.0,48.0,192.0,0.4,-288.0,
2025-10-01,Motichoor Laddoo,480,240.0,288.0,144.0,0.0,672.0,1.4,192.0,
2025-10-01,Badam Katli,180,90.0,108.0,54.0,0.0,252.0,1.4,72.0,
2025-10-01,Pista Burfi,180,0.0,108.0,0.0,0.0,108.0,0.6,-72.0,
2025-10-02,Coconut Laddoo,180,0.0,108.0,0.0,0.0,108.0,0.6,-72.0,
2025-10-02,Pista Burfi,180,54.0,0.0,0.0,18.0,72.0,0.4,-108.0,
2025-10-02,Badam Katli,600,0.0,0.0,0.0,0.0,0.0,0.0,-600.0,
2025-10-03,Coconut Laddoo,240,72.0,144.0,72.0,0.0,288.0,1.2,48.0,
2025-10-03,Besan Laddoo,240,0.0,0.0,72.0,0.0,72.0,0.3,-168.0,
2025-10-03,Mysore Pak,240,72.0,96.0,72.0,24.0,264.0,1.1,24.0,
2025-10-04,Motichoor Laddoo,480,144.0,0.0,144.0,0.0,288.0,0.6,-192.0,
2025-10-04,Pista Burfi,600,180.0,0.0,0.0,0.0,180.0,0.3,-420.0,
2025-10-04,Kaju Katli Classic,600,0.0,0.0,0.0,60.0,60.0,0.1,-540.0,
2025-10-05,Kaju Katli Classic,240,120.0,96.0,72.0,0.0,288.0,1.2,48.0,
2025-10-05,Besan Laddoo,180,0.0,72.0,36.0,18.0,126.0,0.7,-54.0,
2025-10-06,Milk Peda,300,90.0,120.0,60.0,0.0,270.0,0.9,-30.0,
2025-10-06,Mysore Pak,600,180.0,0.0,180.0,0.0,360.0,0.6,-240.0,
2025-10-07,Mysore Pak,600,180.0,0.0,120.0,60.0,360.0,0.6,-240.0,
2025-10-07,Badam Katli,240,72.0,144.0,72.0,0.0,288.0,1.2,48.0,
2025-10-07,Pista Burfi,240,72.0,144.0,72.0,24.0,312.0,1.3,72.0,
2025-10-08,Besan Laddoo,300,150.0,120.0,60.0,0.0,330.0,1.1,30.0,
2025-10-08,Pista Burfi,480,0.0,0.0,96.0,0.0,96.0,0.2,-384.0,
2025-10-08,Mysore Pak,240,72.0,0.0,48.0,0.0,120.0,0.5,-120.0,
2025-10-08,Milk Peda,180,0.0,108.0,36.0,0.0,144.0,0.8,-36.0,
2025-10-09,Pista Burfi,480,240.0,192.0,144.0,0.0,576.0,1.2,96.0,
2025-10-09,Mysore Pak,180,0.0,72.0,54.0,0.0,126.0,0.7,-54.0,
2025-10-10,Mysore Pak,600,180.0,360.0,0.0,0.0,540.0,0.9,-60.0,
2025-10-10,Kaju Katli Classic,480,144.0,0.0,96.0,48.0,288.0,0.6,-192.0,
2025-10-10,Badam Katli,300,90.0,120.0,90.0,0.0,300.0,1.0,0.0,
2025-10-11,Milk Peda,180,54.0,72.0,36.0,18.0,180.0,1.0,0.0,
2025-10-11,Coconut Laddoo,240,72.0,96.0,0.0,24.0,192.0,0.8,-48.0,
2025-10-11,Kaju Katli Classic,600,180.0,240.0,0.0,60.0,480.0,0.8,-120.0,
2025-10-12,Coconut Laddoo,480,0.0,0.0,0.0,48.0,48.0,0.1,-432.0,
2025-10-12,Milk Peda,300,150.0,120.0,60.0,30.0,360.0,1.2,60.0,
2025-10-12,Badam Katli,300,0.0,120.0,90.0,0.0,210.0,0.7,-90.0,
2025-10-13,Milk Peda,240,72.0,0.0,72.0,24.0,168.0,0.7,-72.0,
2025-10-13,Motichoor Laddoo,600,300.0,0.0,0.0,0.0,300.0,0.5,-300.0,
2025-10-13,Badam Katli,600,0.0,240.0,0.0,0.0,240.0,0.4,-360.0,
2025-10-13,Pista Burfi,300,150.0,0.0,60.0,0.0,210.0,0.7,-90.0,
2025-10-14,Pista Burfi,480,240.0,288.0,0.0,0.0,528.0,1.1,48.0,
2025-10-14,Coconut Laddoo,240,120.0,0.0,48.0,0.0,168.0,0.7,-72.0,
2025-10-15,Kaju Katli Classic,480,240.0,288.0,0.0,0.0,528.0,1.1,48.0,
2025-10-15,Besan Laddoo,180,54.0,0.0,36.0,0.0,90.0,0.5,-90.0,
2025-10-15,Badam Katli,480,0.0,0.0,0.0,0.0,0.0,0.0,-480.0,
2025-10-15,Mysore Pak,240,72.0,96.0,72.0,24.0,264.0,1.1,24.0,
2025-10-16,Besan Laddoo,600,180.0,360.0,0.0,0.0,540.0,0.9,-60.0,
2025-10-16,Milk Peda,600,180.0,0.0,180.0,0.0,360.0,0.6,-240.0,
2025-10-16,Mysore Pak,240,72.0,0.0,72.0,0.0,144.0,0.6,-96.0,
2025-10-17,Milk Peda,240,0.0,96.0,48.0,0.0,144.0,0.6,-96.0,
2025-10-17,Pista Burfi,480,144.0,192.0,144.0,0.0,480.0,1.0,0.0,
2025-10-18,Coconut Laddoo,240,120.0,0.0,72.0,0.0,192.0,0.8,-48.0,
2025-10-18,Kaju Katli Classic,240,120.0,96.0,0.0,0.0,216.0,0.9,-24.0,
2025-10-18,Motichoor Laddoo,600,300.0,360.0,180.0,60.0,900.0,1.5,300.0,
2025-10-19,Milk Peda,180,0.0,0.0,36.0,0.0,36.0,0.2,-144.0,
2025-10-19,Kaju Katli Classic,600,0.0,240.0,120.0,60.0,420.0,0.7,-180.0,
2025-10-20,Mysore Pak,480,144.0,288.0,144.0,0.0,576.0,1.2,96.0,
2025-10-20,Milk Peda,600,180.0,240.0,120.0,60.0,600.0,1.0,0.0,
2025-10-21,Motichoor Laddoo,600,0.0,360.0,180.0,60.0,600.0,1.0,0.0,
2025-10-21,Mysore Pak,240,120.0,96.0,72.0,0.0,288.0,1.2,48.0,
2025-10-21,Pista Burfi,600,0.0,240.0,0.0,0.0,240.0,0.4,-360.0,
2025-10-21,Kaju Katli Classic,300,90.0,180.0,60.0,0.0,330.0,1.1,30.0,
2025-10-22,Mysore Pak,300,90.0,0.0,90.0,0.0,180.0,0.6,-120.0,
2025-10-22,Motichoor Laddoo,480,240.0,288.0,0.0,48.0,576.0,1.2,96.0,
2025-10-22,Kaju Katli Classic,300,90.0,0.0,60.0,0.0,150.0,0.5,-150.0,
2025-10-22,Milk Peda,240,0.0,144.0,72.0,0.0,216.0,0.9,-24.0,
2025-10-23,Milk Peda,240,72.0,96.0,72.0,0.0,240.0,1.0,0.0,
2025-10-23,Motichoor Laddoo,300,150.0,0.0,90.0,0.0,240.0,0.8,-60.0,
2025-10-24,Mysore Pak,180,90.0,0.0,54.0,0.0,144.0,0.8,-36.0,
2025-10-24,Milk Peda,600,180.0,0.0,120.0,0.0,300.0,0.5,-300.0,
2025-10-24,Badam Katli,300,150.0,180.0,90.0,0.0,420.0,1.4,120.0,
2025-10-24,Pista Burfi,600,0.0,360.0,120.0,0.0,480.0,0.8,-120.0,
2025-10-25,Motichoor Laddoo,240,72.0,96.0,0.0,0.0,168.0,0.7,-72.0,
2025-10-25,Milk Peda,180,90.0,0.0,54.0,0.0,144.0,0.8,-36.0,
2025-10-26,Kaju Katli Classic,480,0.0,192.0,144.0,0.0,336.0,0.7,-144.0,
2025-10-26,Badam Katli,180,0.0,108.0,0.0,18.0,126.0,0.7,-54.0,
2025-10-26,Besan Laddoo,180,0.0,72.0,54.0,0.0,126.0,0.7,-54.0,
2025-10-26,Coconut Laddoo,240,72.0,144.0,48.0,24.0,288.0,1.2,48.0,
2025-10-27,Mysore Pak,600,180.0,0.0,120.0,0.0,300.0,0.5,-300.0,
2025-10-27,Coconut Laddoo,300,150.0,180.0,90.0,0.0,420.0,1.4,120.0,
2025-10-28,Besan Laddoo,180,90.0,72.0,36.0,18.0,216.0,1.2,36.0,
2025-10-28,Motichoor Laddoo,240,72.0,96.0,48.0,0.0,216.0,0.9,-24.0,
2025-10-29,Kaju Katli Classic,480,0.0,288.0,144.0,0.0,432.0,0.9,-48.0,
2025-10-29,Coconut Laddoo,180,54.0,0.0,36.0,0.0,90.0,0.5,-90.0,
2025-10-30,Badam Katli,480,144.0,192.0,96.0,48.0,480.0,1.0,0.0,
2025-10-30,Motichoor Laddoo,300,150.0,0.0,90.0,30.0,270.0,0.9,-30.0,
2025-10-31,Motichoor Laddoo,180,0.0,72.0,54.0,0.0,126.0,0.7,-54.0,
2025-10-31,Pista Burfi,180,54.0,0.0,54.0,18.0,126.0,0.7,-54.0,
2025-10-31,Besan Laddoo,480,0.0,192.0,0.0,0.0,192.0,0.4,-288.0,
2025-10-31,Coconut Laddoo,480,0.0,192.0,0.0,48.0,240.0,0.5,-240.0,
2025-11-01,Pista Burfi,480,240.0,288.0,0.0,0.0,528.0,1.1,48.0,
2025-11-01,Besan Laddoo,300,0.0,0.0,60.0,0.0,60.0,0.2,-240.0,
2025-11-02,Kaju Katli Classic,480,240.0,0.0,0.0,0.0,240.0,0.5,-240.0,
2025-11-02,Pista Burfi,240,0.0,0.0,72.0,24.0,96.0,0.4,-144.0,
2025-11-03,Kaju Katli Classic,240,72.0,0.0,0.0,0.0,72.0,0.3,-168.0,
2025-11-03,Mysore Pak,480,144.0,288.0,144.0,0.0,576.0,1.2,96.0,
2025-11-03,Besan Laddoo,240,120.0,0.0,72.0,0.0,192.0,0.8,-48.0,
2025-11-03,Milk Peda,300,0.0,0.0,90.0,30.0,120.0,0.4,-180.0,
2025-11-04,Badam Katli,480,0.0,288.0,96.0,0.0,384.0,0.8,-96.0,
2025-11-04,Besan Laddoo,480,240.0,288.0,96.0,48.0,672.0,1.4,192.0,
2025-11-05,Kaju Katli Classic,480,0.0,192.0,96.0,48.0,336.0,0.7,-144.0,
2025-11-05,Milk Peda,180,90.0,72.0,36.0,0.0,198.0,1.1,18.0,
2025-11-06,Mysore Pak,600,0.0,0.0,120.0,60.0,180.0,0.3,-420.0,
2025-11-06,Milk Peda,480,240.0,288.0,96.0,0.0,624.0,1.3,144.0,
2025-11-06,Besan Laddoo,300,0.0,0.0,60.0,0.0,60.0,0.2,-240.0,
2025-11-06,Kaju Katli Classic,240,0.0,0.0,48.0,0.0,48.0,0.2,-192.0,
2025-11-07,Milk Peda,480,240.0,0.0,144.0,48.0,432.0,0.9,-48.0,
2025-11-07,Mysore Pak,480,240.0,0.0,96.0,0.0,336.0,0.7,-144.0,
2025-11-08,Kaju Katli Classic,180,90.0,72.0,0.0,0.0,162.0,0.9,-18.0,
2025-11-08,Badam Katli,180,90.0,72.0,36.0,0.0,198.0,1.1,18.0,
2025-11-09,Besan Laddoo,240,0.0,0.0,48.0,0.0,48.0,0.2,-192.0,
2025-11-09,Badam Katli,480,0.0,288.0,144.0,0.0,432.0,0.9,-48.0,
2025-11-09,Kaju Katli Classic,600,300.0,0.0,0.0,0.0,300.0,0.5,-300.0,
2025-11-09,Pista Burfi,480,240.0,0.0,96.0,0.0,336.0,0.7,-144.0,
2025-11-10,Milk Peda,240,120.0,96.0,0.0,0.0,216.0,0.9,-24.0,
2025-11-10,Mysore Pak,600,180.0,360.0,180.0,0.0,720.0,1.2,120.0,
2025-11-11,Motichoor Laddoo,600,0.0,360.0,180.0,0.0,540.0,0.9,-60.0,
2025-11-11,Coconut Laddoo,480,240.0,288.0,0.0,0.0,528.0,1.1,48.0,
2025-11-11,Mysore Pak,300,90.0,120.0,90.0,30.0,330.0,1.1,30.0,
2025-11-11,Milk Peda,600,0.0,0.0,0.0,0.0,0.0,0.0,-600.0,
2025-11-12,Badam Katli,480,144.0,0.0,96.0,48.0,288.0,0.6,-192.0,
2025-11-12,Mysore Pak,300,0.0,180.0,60.0,0.0,240.0,0.8,-60.0,
2025-11-12,Coconut Laddoo,180,54.0,72.0,36.0,18.0,180.0,1.0,0.0,
2025-11-13,Badam Katli,300,90.0,120.0,0.0,0.0,210.0,0.7,-90.0,
2025-11-13,Motichoor Laddoo,240,120.0,0.0,72.0,24.0,216.0,0.9,-24.0,
2025-11-13,Milk Peda,240,120.0,144.0,48.0,0.0,312.0,1.3,72.0,
2025-11-13,Besan Laddoo,240,0.0,96.0,72.0,24.0,192.0,0.8,-48.0,
2025-11-14,Coconut Laddoo,480,240.0,0.0,144.0,0.0,384.0,0.8,-96.0,
2025-11-14,Pista Burfi,300,0.0,0.0,90.0,30.0,120.0,0.4,-180.0,
2025-11-14,Kaju Katli Classic,300,0.0,0.0,60.0,0.0,60.0,0.2,-240.0,
2025-11-14,Besan Laddoo,600,0.0,360.0,0.0,0.0,360.0,0.6,-240.0,
2025-11-15,Badam Katli,600,180.0,360.0,120.0,0.0,660.0,1.1,60.0,
2025-11-15,Besan Laddoo,180,90.0,72.0,36.0,0.0,198.0,1.1,18.0,
2025-11-15,Pista Burfi,600,180.0,360.0,0.0,0.0,540.0,0.9,-60.0,
2025-11-15,Milk Peda,180,0.0,72.0,0.0,18.0,90.0,0.5,-90.0,
2025-11-16,Motichoor Laddoo,180,90.0,108.0,54.0,0.0,252.0,1.4,72.0,
2025-11-16,Milk Peda,180,54.0,72.0,0.0,0.0,126.0,0.7,-54.0,
2025-11-16,Coconut Laddoo,180,90.0,108.0,54.0,18.0,270.0,1.5,90.0,
2025-11-16,Besan Laddoo,600,180.0,360.0,0.0,60.0,600.0,1.0,0.0,
2025-11-17,Milk Peda,180,54.0,108.0,0.0,0.0,162.0,0.9,-18.0,
2025-11-17,Mysore Pak,240,0.0,96.0,48.0,24.0,168.0,0.7,-72.0,
2025-11-17,Coconut Laddoo,300,150.0,120.0,90.0,0.0,360.0,1.2,60.0,
2025-11-17,Pista Burfi,600,0.0,240.0,180.0,60.0,480.0,0.8,-120.0,
2025-11-18,Kaju Katli Classic,480,240.0,288.0,96.0,0.0,624.0,1.3,144.0,
2025-11-18,Besan Laddoo,240,72.0,144.0,0.0,24.0,240.0,1.0,0.0,
2025-11-18,Motichoor Laddoo,300,0.0,0.0,0.0,0.0,0.0,0.0,-300.0,
2025-11-18,Badam Katli,240,120.0,96.0,48.0,0.0,264.0,1.1,24.0,
2025-11-19,Kaju Katli Classic,240,0.0,0.0,48.0,0.0,48.0,0.2,-192.0,
2025-11-19,Mysore Pak,300,90.0,180.0,0.0,30.0,300.0,1.0,0.0,
2025-11-19,Pista Burfi,600,180.0,360.0,120.0,60.0,720.0,1.2,120.0,
2025-11-19,Besan Laddoo,480,240.0,192.0,96.0,48.0,576.0,1.2,96.0,
2025-11-20,Pista Burfi,240,0.0,0.0,0.0,0.0,0.0,0.0,-240.0,
2025-11-20,Motichoor Laddoo,300,0.0,0.0,0.0,30.0,30.0,0.1,-270.0,
2025-11-21,Besan Laddoo,480,0.0,192.0,144.0,0.0,336.0,0.7,-144.0,
2025-11-21,Mysore Pak,480,144.0,192.0,96.0,48.0,480.0,1.0,0.0,
2025-11-21,Milk Peda,600,180.0,0.0,0.0,0.0,180.0,0.3,-420.0,
2025-11-21,Pista Burfi,600,0.0,0.0,0.0,0.0,0.0,0.0,-600.0,
2025-11-22,Coconut Laddoo,480,240.0,288.0,144.0,48.0,720.0,1.5,240.0,
2025-11-22,Kaju Katli Classic,240,72.0,96.0,0.0,0.0,168.0,0.7,-72.0,
2025-11-22,Milk Peda,480,144.0,288.0,0.0,48.0,480.0,1.0,0.0,
2025-11-22,Pista Burfi,300,90.0,120.0,90.0,30.0,330.0,1.1,30.0,
2025-11-23,Milk Peda,600,180.0,240.0,0.0,0.0,420.0,0.7,-180.0,
2025-11-23,Mysore Pak,240,120.0,144.0,72.0,0.0,336.0,1.4,96.0,
2025-11-23,Kaju Katli Classic,480,144.0,0.0,0.0,0.0,144.0,0.3,-336.0,
2025-11-23,Motichoor Laddoo,240,72.0,144.0,72.0,24.0,312.0,1.3,72.0,
2025-11-24,Badam Katli,240,0.0,144.0,48.0,0.0,192.0,0.8,-48.0,
2025-11-24,Pista Burfi,480,144.0,0.0,96.0,0.0,240.0,0.5,-240.0,
2025-11-25,Besan Laddoo,480,0.0,192.0,0.0,0.0,192.0,0.4,-288.0,
2025-11-25,Coconut Laddoo,240,0.0,96.0,48.0,0.0,144.0,0.6,-96.0,
2025-11-25,Motichoor Laddoo,480,144.0,288.0,144.0,0.0,576.0,1.2,96.0,
2025-11-25,Pista Burfi,300,0.0,180.0,0.0,0.0,180.0,0.6,-120.0,
2025-11-26,Badam Katli,180,0.0,0.0,36.0,0.0,36.0,0.2,-144.0,
2025-11-26,Kaju Katli Classic,180,54.0,108.0,54.0,0.0,216.0,1.2,36.0,
2025-11-26,Mysore Pak,180,54.0,72.0,54.0,18.0,198.0,1.1,18.0,
2025-11-27,Pista Burfi,480,240.0,288.0,96.0,0.0,624.0,1.3,144.0,
2025-11-27,Mysore Pak,300,90.0,120.0,0.0,0.0,210.0,0.7,-90.0,
2025-11-28,Badam Katli,180,0.0,0.0,0.0,0.0,0.0,0.0,-180.0,
2025-11-28,Pista Burfi,600,0.0,0.0,120.0,60.0,180.0,0.3,-420.0,
2025-11-29,Badam Katli,240,120.0,144.0,48.0,0.0,312.0,1.3,72.0,
2025-11-29,Pista Burfi,180,0.0,108.0,54.0,18.0,180.0,1.0,0.0,
2025-11-29,Milk Peda,300,0.0,0.0,60.0,30.0,90.0,0.3,-210.0,
2025-11-29,Coconut Laddoo,240,120.0,96.0,48.0,0.0,264.0,1.1,24.0,
2025-11-30,Pista Burfi,480,0.0,288.0,144.0,0.0,432.0,0.9,-48.0,
2025-11-30,Motichoor Laddoo,480,0.0,288.0,0.0,0.0,288.0,0.6,-192.0,
2025-11-30,Badam Katli,480,144.0,0.0,96.0,0.0,240.0,0.5,-240.0,
2025-12-01,Motichoor Laddoo,480,240.0,192.0,0.0,0.0,432.0,0.9,-48.0,
2025-12-01,Coconut Laddoo,600,0.0,360.0,120.0,60.0,540.0,0.9,-60.0,
2025-12-01,Mysore Pak,480,144.0,192.0,144.0,0.0,480.0,1.0,0.0,
2025-12-01,Pista Burfi,180,90.0,72.0,54.0,0.0,216.0,1.2,36.0,
2025-12-02,Coconut Laddoo,240,0.0,144.0,0.0,0.0,144.0,0.6,-96.0,
2025-12-02,Milk Peda,600,0.0,240.0,0.0,0.0,240.0,0.4,-360.0,
2025-12-03,Besan Laddoo,180,90.0,0.0,54.0,0.0,144.0,0.8,-36.0,
2025-12-03,Coconut Laddoo,480,0.0,288.0,0.0,48.0,336.0,0.7,-144.0,
2025-12-04,Besan Laddoo,240,120.0,144.0,48.0,24.0,336.0,1.4,96.0,
2025-12-04,Mysore Pak,180,54.0,108.0,0.0,0.0,162.0,0.9,-18.0,
2025-12-05,Besan Laddoo,180,0.0,108.0,0.0,0.0,108.0,0.6,-72.0,
2025-12-05,Badam Katli,300,150.0,120.0,0.0,0.0,270.0,0.9,-30.0,
2025-12-05,Motichoor Laddoo,480,0.0,0.0,144.0,48.0,192.0,0.4,-288.0,
2025-12-06,Coconut Laddoo,180,90.0,108.0,36.0,0.0,234.0,1.3,54.0,
2025-12-06,Besan Laddoo,300,150.0,120.0,60.0,0.0,330.0,1.1,30.0,
2025-12-06,Motichoor Laddoo,240,0.0,144.0,72.0,0.0,216.0,0.9,-24.0,
2025-12-07,Motichoor Laddoo,600,180.0,240.0,180.0,0.0,600.0,1.0,0.0,
2025-12-07,Badam Katli,240,120.0,144.0,0.0,0.0,264.0,1.1,24.0,
2025-12-07,Besan Laddoo,600,180.0,360.0,0.0,0.0,540.0,0.9,-60.0,
2025-12-08,Mysore Pak,300,90.0,180.0,0.0,30.0,300.0,1.0,0.0,
2025-12-08,Besan Laddoo,180,90.0,108.0,54.0,0.0,252.0,1.4,72.0,
2025-12-08,Badam Katli,300,90.0,0.0,0.0,30.0,120.0,0.4,-180.0,
2025-12-09,Milk Peda,300,150.0,0.0,60.0,0.0,210.0,0.7,-90.0,
2025-12-09,Kaju Katli Classic,600,300.0,0.0,180.0,60.0,540.0,0.9,-60.0,
2025-12-09,Coconut Laddoo,600,300.0,360.0,0.0,0.0,660.0,1.1,60.0,
2025-12-10,Badam Katli,300,90.0,120.0,60.0,0.0,270.0,0.9,-30.0,
2025-12-10,Besan Laddoo,180,0.0,72.0,0.0,18.0,90.0,0.5,-90.0,
2025-12-10,Pista Burfi,240,72.0,144.0,0.0,0.0,216.0,0.9,-24.0,
2025-12-10,Motichoor Laddoo,480,0.0,0.0,96.0,0.0,96.0,0.2,-384.0,
2025-12-11,Besan Laddoo,240,72.0,0.0,72.0,0.0,144.0,0.6,-96.0,
2025-12-11,Pista Burfi,180,0.0,0.0,36.0,0.0,36.0,0.2,-144.0,
2025-12-11,Motichoor Laddoo,300,0.0,180.0,0.0,0.0,180.0,0.6,-120.0,
2025-12-12,Milk Peda,180,0.0,0.0,54.0,0.0,54.0,0.3,-126.0,
2025-12-12,Badam Katli,480,240.0,192.0,144.0,48.0,624.0,1.3,144.0,
2025-12-12,Mysore Pak,600,0.0,0.0,180.0,60.0,240.0,0.4,-360.0,
2025-12-13,Badam Katli,480,0.0,288.0,144.0,0.0,432.0,0.9,-48.0,
2025-12-13,Besan Laddoo,600,300.0,360.0,0.0,60.0,720.0,1.2,120.0,
2025-12-13,Pista Burfi,240,120.0,0.0,72.0,0.0,192.0,0.8,-48.0,
2025-12-14,Milk Peda,480,240.0,288.0,0.0,48.0,576.0,1.2,96.0,
2025-12-14,Motichoor Laddoo,180,90.0,108.0,36.0,18.0,252.0,1.4,72.0,
2025-12-15,Mysore Pak,240,0.0,96.0,48.0,24.0,168.0,0.7,-72.0,
2025-12-15,Pista Burfi,480,240.0,0.0,96.0,0.0,336.0,0.7,-144.0,
2025-12-15,Motichoor Laddoo,300,90.0,0.0,60.0,0.0,150.0,0.5,-150.0,
2025-12-15,Kaju Katli Classic,480,0.0,192.0,144.0,0.0,336.0,0.7,-144.0,
2025-12-16,Besan Laddoo,600,0.0,360.0,120.0,0.0,480.0,0.8,-120.0,
2025-12-16,Kaju Katli Classic,480,0.0,0.0,0.0,48.0,48.0,0.1,-432.0,
2025-12-17,Badam Katli,180,54.0,72.0,36.0,0.0,162.0,0.9,-18.0,
2025-12-17,Coconut Laddoo,240,72.0,96.0,72.0,0.0,240.0,1.0,0.0,
2025-12-17,Kaju Katli Classic,180,90.0,0.0,54.0,0.0,144.0,0.8,-36.0,
2025-12-17,Motichoor Laddoo,180,0.0,0.0,54.0,0.0,54.0,0.3,-126.0,
2025-12-18,Mysore Pak,300,90.0,120.0,60.0,0.0,270.0,0.9,-30.0,
2025-12-18,Badam Katli,600,180.0,240.0,180.0,60.0,660.0,1.1,60.0,
2025-12-18,Coconut Laddoo,600,300.0,360.0,120.0,0.0,780.0,1.3,180.0,
2025-12-18,Milk Peda,600,0.0,0.0,180.0,60.0,240.0,0.4,-360.0,
2025-12-19,Milk Peda,480,240.0,192.0,0.0,0.0,432.0,0.9,-48.0,
2025-12-19,Kaju Katli Classic,180,54.0,0.0,0.0,0.0,54.0,0.3,-126.0,
2025-12-20,Kaju Katli Classic,300,150.0,0.0,0.0,0.0,150.0,0.5,-150.0,
2025-12-20,Badam Katli,300,0.0,180.0,60.0,30.0,270.0,0.9,-30.0,
2025-12-20,Coconut Laddoo,180,90.0,108.0,36.0,18.0,252.0,1.4,72.0,
2025-12-21,Mysore Pak,480,0.0,0.0,96.0,0.0,96.0,0.2,-384.0,
2025-12-21,Badam Katli,480,240.0,288.0,96.0,48.0,672.0,1.4,192.0,
2025-12-21,Besan Laddoo,300,90.0,180.0,90.0,0.0,360.0,1.2,60.0,
2025-12-21,Pista Burfi,300,150.0,0.0,90.0,0.0,240.0,0.8,-60.0,
2025-12-22,Besan Laddoo,480,144.0,288.0,0.0,0.0,432.0,0.9,-48.0,
2025-12-22,Badam Katli,180,0.0,108.0,54.0,18.0,180.0,1.0,0.0,
2025-12-22,Mysore Pak,480,240.0,288.0,144.0,48.0,720.0,1.5,240.0,
2025-12-23,Badam Katli,480,144.0,192.0,0.0,0.0,336.0,0.7,-144.0,
2025-12-23,Mysore Pak,300,0.0,180.0,90.0,0.0,270.0,0.9,-30.0,
2025-12-24,Motichoor Laddoo,180,54.0,108.0,36.0,0.0,198.0,1.1,18.0,
2025-12-24,Kaju Katli Classic,240,0.0,144.0,72.0,0.0,216.0,0.9,-24.0,
2025-12-24,Badam Katli,480,144.0,0.0,96.0,0.0,240.0,0.5,-240.0,
2025-12-25,Motichoor Laddoo,300,90.0,180.0,0.0,30.0,300.0,1.0,0.0,
2025-12-25,Pista Burfi,600,0.0,360.0,0.0,60.0,420.0,0.7,-180.0,
2025-12-25,Coconut Laddoo,480,144.0,192.0,96.0,48.0,480.0,1.0,0.0,
2025-12-25,Mysore Pak,480,144.0,288.0,96.0,48.0,576.0,1.2,96.0,
2025-12-26,Kaju Katli Classic,600,300.0,0.0,0.0,0.0,300.0,0.5,-300.0,
2025-12-26,Mysore Pak,180,0.0,0.0,36.0,0.0,36.0,0.2,-144.0,
2025-12-26,Motichoor Laddoo,480,0.0,0.0,0.0,48.0,48.0,0.1,-432.0,
2025-12-27,Besan Laddoo,180,90.0,0.0,36.0,0.0,126.0,0.7,-54.0,
2025-12-27,Mysore Pak,240,72.0,96.0,0.0,24.0,192.0,0.8,-48.0,
2025-12-27,Kaju Katli Classic,600,300.0,360.0,0.0,60.0,720.0,1.2,120.0,
2025-12-27,Pista Burfi,300,150.0,120.0,0.0,30.0,300.0,1.0,0.0,
2025-12-28,Badam Katli,600,180.0,360.0,0.0,60.0,600.0,1.0,0.0,
2025-12-28,Besan Laddoo,300,90.0,180.0,90.0,0.0,360.0,1.2,60.0,
2025-12-28,Pista Burfi,480,240.0,288.0,96.0,0.0,624.0,1.3,144.0,
2025-12-29,Coconut Laddoo,600,0.0,240.0,180.0,0.0,420.0,0.7,-180.0,
2025-12-29,Pista Burfi,600,0.0,360.0,120.0,60.0,540.0,0.9,-60.0,
2025-12-30,Pista Burfi,600,180.0,360.0,180.0,60.0,780.0,1.3,180.0,
2025-12-30,Mysore Pak,480,144.0,0.0,0.0,48.0,192.0,0.4,-288.0,
2025-12-31,Badam Katli,480,144.0,0.0,0.0,0.0,144.0,0.3,-336.0,
2025-12-31,Besan Laddoo,180,0.0,72.0,0.0,0.0,72.0,0.4,-108.0,
2026-01-01,Kaju Katli Classic,480,144.0,192.0,144.0,0.0,480.0,1.0,0.0,
2026-01-01,Milk Peda,300,150.0,0.0,90.0,0.0,240.0,0.8,-60.0,
2026-01-01,Besan Laddoo,240,0.0,96.0,48.0,24.0,168.0,0.7,-72.0,
2026-01-01,Motichoor Laddoo,600,180.0,240.0,0.0,0.0,420.0,0.7,-180.0,
2026-01-02,Besan Laddoo,240,120.0,96.0,48.0,24.0,288.0,1.2,48.0,
2026-01-02,Mysore Pak,480,240.0,0.0,96.0,0.0,336.0,0.7,-144.0,
2026-01-02,Motichoor Laddoo,480,240.0,0.0,96.0,0.0,336.0,0.7,-144.0,
2026-01-03,Milk Peda,240,120.0,96.0,48.0,24.0,288.0,1.2,48.0,
2026-01-03,Besan Laddoo,480,144.0,192.0,0.0,0.0,336.0,0.7,-144.0,
2026-01-03,Kaju Katli Classic,240,120.0,96.0,0.0,0.0,216.0,0.9,-24.0,
2026-01-04,Mysore Pak,480,240.0,288.0,144.0,0.0,672.0,1.4,192.0,
2026-01-04,Pista Burfi,180,0.0,108.0,0.0,0.0,108.0,0.6,-72.0,
2026-01-05,Badam Katli,300,90.0,0.0,90.0,0.0,180.0,0.6,-120.0,
2026-01-05,Milk Peda,240,0.0,96.0,0.0,0.0,96.0,0.4,-144.0,
2026-01-05,Pista Burfi,600,180.0,360.0,0.0,0.0,540.0,0.9,-60.0,
2026-01-05,Mysore Pak,240,72.0,0.0,72.0,24.0,168.0,0.7,-72.0,
2026-01-06,Kaju Katli Classic,600,180.0,240.0,0.0,0.0,420.0,0.7,-180.0,
2026-01-06,Mysore Pak,300,150.0,120.0,60.0,30.0,360.0,1.2,60.0,
2026-01-06,Pista Burfi,480,144.0,0.0,144.0,48.0,336.0,0.7,-144.0,
2026-01-06,Motichoor Laddoo,300,90.0,0.0,90.0,0.0,180.0,0.6,-120.0,
2026-01-07,Kaju Katli Classic,300,150.0,0.0,90.0,0.0,240.0,0.8,-60.0,
2026-01-07,Badam Katli,600,300.0,0.0,120.0,60.0,480.0,0.8,-120.0,
2026-01-07,Motichoor Laddoo,300,150.0,0.0,90.0,30.0,270.0,0.9,-30.0,
2026-01-07,Pista Burfi,240,120.0,144.0,72.0,0.0,336.0,1.4,96.0,
2026-01-08,Coconut Laddoo,600,0.0,360.0,0.0,60.0,420.0,0.7,-180.0,
2026-01-08,Pista Burfi,240,72.0,144.0,48.0,0.0,264.0,1.1,24.0,
2026-01-08,Milk Peda,600,300.0,240.0,180.0,60.0,780.0,1.3,180.0,
2026-01-08,Motichoor Laddoo,480,0.0,288.0,96.0,48.0,432.0,0.9,-48.0,
2026-01-09,Milk Peda,300,0.0,180.0,0.0,0.0,180.0,0.6,-120.0,
2026-01-09,Badam Katli,180,0.0,108.0,54.0,0.0,162.0,0.9,-18.0,
2026-01-10,Besan Laddoo,480,240.0,192.0,96.0,48.0,576.0,1.2,96.0,
2026-01-10,Milk Peda,480,0.0,288.0,0.0,0.0,288.0,0.6,-192.0,
2026-01-11,Milk Peda,180,90.0,108.0,0.0,0.0,198.0,1.1,18.0,
2026-01-11,Motichoor Laddoo,300,150.0,120.0,60.0,0.0,330.0,1.1,30.0,
2026-01-11,Kaju Katli Classic,600,180.0,0.0,180.0,0.0,360.0,0.6,-240.0,
2026-01-11,Mysore Pak,240,0.0,96.0,48.0,24.0,168.0,0.7,-72.0,
2026-01-12,Badam Katli,600,0.0,0.0,0.0,0.0,0.0,0.0,-600.0,
2026-01-12,Milk Peda,600,300.0,240.0,180.0,0.0,720.0,1.2,120.0,
2026-01-13,Milk Peda,240,0.0,96.0,72.0,0.0,168.0,0.7,-72.0,
2026-01-13,Motichoor Laddoo,240,120.0,0.0,0.0,24.0,144.0,0.6,-96.0,
2026-01-14,Besan Laddoo,300,150.0,0.0,60.0,0.0,210.0,0.7,-90.0,
2026-01-14,Kaju Katli Classic,300,90.0,180.0,60.0,0.0,330.0,1.1,30.0,
2026-01-15,Motichoor Laddoo,240,0.0,0.0,72.0,24.0,96.0,0.4,-144.0,
2026-01-15,Milk Peda,300,90.0,180.0,60.0,0.0,330.0,1.1,30.0,
2026-01-16,Besan Laddoo,480,240.0,192.0,96.0,48.0,576.0,1.2,96.0,
2026-01-16,Coconut Laddoo,240,72.0,0.0,0.0,0.0,72.0,0.3,-168.0,
2026-01-16,Milk Peda,180,54.0,108.0,54.0,18.0,234.0,1.3,54.0,
2026-01-16,Badam Katli,300,150.0,180.0,90.0,0.0,420.0,1.4,120.0,
2026-01-17,Milk Peda,480,0.0,288.0,96.0,0.0,384.0,0.8,-96.0,
2026-01-17,Coconut Laddoo,180,54.0,108.0,54.0,18.0,234.0,1.3,54.0,
2026-01-17,Besan Laddoo,240,72.0,96.0,72.0,0.0,240.0,1.0,0.0,
2026-01-17,Mysore Pak,300,90.0,0.0,90.0,0.0,180.0,0.6,-120.0,
2026-01-18,Mysore Pak,300,0.0,0.0,0.0,30.0,30.0,0.1,-270.0,
2026-01-18,Coconut Laddoo,300,150.0,180.0,60.0,30.0,420.0,1.4,120.0,
2026-01-19,Motichoor Laddoo,600,0.0,0.0,180.0,0.0,180.0,0.3,-420.0,
2026-01-19,Badam Katli,600,0.0,0.0,0.0,0.0,0.0,0.0,-600.0,
2026-01-20,Kaju Katli Classic,480,0.0,192.0,144.0,48.0,384.0,0.8,-96.0,
2026-01-20,Motichoor Laddoo,480,240.0,288.0,144.0,48.0,720.0,1.5,240.0,
2026-01-21,Milk Peda,180,90.0,72.0,36.0,0.0,198.0,1.1,18.0,
2026-01-21,Mysore Pak,180,0.0,72.0,36.0,0.0,108.0,0.6,-72.0,
2026-01-21,Besan Laddoo,240,0.0,96.0,48.0,0.0,144.0,0.6,-96.0,
2026-01-21,Badam Katli,180,90.0,108.0,36.0,0.0,234.0,1.3,54.0,
2026-01-22,Coconut Laddoo,600,300.0,0.0,120.0,0.0,420.0,0.7,-180.0,
2026-01-22,Mysore Pak,240,120.0,0.0,48.0,24.0,192.0,0.8,-48.0,
2026-01-22,Badam Katli,300,90.0,180.0,60.0,0.0,330.0,1.1,30.0,
2026-01-23,Besan Laddoo,480,144.0,192.0,0.0,0.0,336.0,0.7,-144.0,
2026-01-23,Pista Burfi,240,72.0,144.0,0.0,24.0,240.0,1.0,0.0,
2026-01-24,Milk Peda,480,240.0,0.0,144.0,0.0,384.0,0.8,-96.0,
2026-01-24,Kaju Katli Classic,240,120.0,96.0,48.0,24.0,288.0,1.2,48.0,
2026-01-25,Coconut Laddoo,240,120.0,144.0,0.0,0.0,264.0,1.1,24.0,
2026-01-25,Motichoor Laddoo,480,240.0,288.0,0.0,48.0,576.0,1.2,96.0,
2026-01-26,Motichoor Laddoo,300,150.0,180.0,60.0,0.0,390.0,1.3,90.0,
2026-01-26,Kaju Katli Classic,480,0.0,288.0,144.0,0.0,432.0,0.9,-48.0,
2026-01-26,Milk Peda,480,240.0,192.0,96.0,0.0,528.0,1.1,48.0,
2026-01-27,Coconut Laddoo,240,0.0,144.0,72.0,0.0,216.0,0.9,-24.0,
2026-01-27,Pista Burfi,300,0.0,120.0,60.0,0.0,180.0,0.6,-120.0,
2026-01-28,Kaju Katli Classic,600,300.0,360.0,0.0,0.0,660.0,1.1,60.0,
2026-01-28,Badam Katli,300,150.0,0.0,0.0,0.0,150.0,0.5,-150.0,
2026-01-28,Mysore Pak,480,144.0,288.0,96.0,48.0,576.0,1.2,96.0,
2026-01-28,Motichoor Laddoo,600,0.0,360.0,180.0,60.0,600.0,1.0,0.0,
2026-01-29,Motichoor Laddoo,480,0.0,288.0,144.0,0.0,432.0,0.9,-48.0,
2026-01-29,Pista Burfi,480,240.0,0.0,96.0,0.0,336.0,0.7,-144.0,
2026-01-29,Badam Katli,480,0.0,0.0,144.0,0.0,144.0,0.3,-336.0,
2026-01-30,Mysore Pak,240,0.0,0.0,48.0,24.0,72.0,0.3,-168.0,
2026-01-30,Badam Katli,600,180.0,240.0,120.0,60.0,600.0,1.0,0.0,
2026-01-30,Pista Burfi,480,144.0,0.0,144.0,0.0,288.0,0.6,-192.0,
2026-01-30,Kaju Katli Classic,180,0.0,0.0,54.0,0.0,54.0,0.3,-126.0,
2026-01-31,Kaju Katli Classic,180,54.0,72.0,54.0,18.0,198.0,1.1,18.0,
2026-01-31,Badam Katli,240,0.0,0.0,48.0,0.0,48.0,0.2,-192.0,
2026-02-01,Motichoor Laddoo,600,300.0,360.0,180.0,60.0,900.0,1.5,300.0,
2026-02-01,Badam Katli,240,0.0,96.0,72.0,24.0,192.0,0.8,-48.0,
2026-02-01,Milk Peda,480,0.0,288.0,0.0,0.0,288.0,0.6,-192.0,
2026-02-01,Kaju Katli Classic,240,0.0,144.0,72.0,0.0,216.0,0.9,-24.0,
2026-02-02,Kaju Katli Classic,180,54.0,72.0,36.0,18.0,180.0,1.0,0.0,
2026-02-02,Milk Peda,480,240.0,192.0,144.0,0.0,576.0,1.2,96.0,
2026-02-02,Badam Katli,180,90.0,0.0,54.0,0.0,144.0,0.8,-36.0,
2026-02-03,Motichoor Laddoo,240,120.0,144.0,48.0,0.0,312.0,1.3,72.0,
2026-02-03,Milk Peda,300,90.0,120.0,0.0,0.0,210.0,0.7,-90.0,
2026-02-04,Besan Laddoo,300,90.0,0.0,90.0,30.0,210.0,0.7,-90.0,
2026-02-04,Coconut Laddoo,480,144.0,192.0,0.0,48.0,384.0,0.8,-96.0,
2026-02-05,Coconut Laddoo,600,0.0,360.0,120.0,0.0,480.0,0.8,-120.0,
2026-02-05,Mysore Pak,600,300.0,0.0,180.0,60.0,540.0,0.9,-60.0,
2026-02-06,Besan Laddoo,600,0.0,0.0,0.0,0.0,0.0,0.0,-600.0,
2026-02-06,Kaju Katli Classic,180,0.0,0.0,0.0,0.0,0.0,0.0,-180.0,
2026-02-07,Mysore Pak,240,72.0,96.0,72.0,0.0,240.0,1.0,0.0,
2026-02-07,Kaju Katli Classic,300,150.0,0.0,90.0,0.0,240.0,0.8,-60.0,
2026-02-07,Motichoor Laddoo,480,144.0,288.0,144.0,0.0,576.0,1.2,96.0,
2026-02-07,Badam Katli,600,300.0,240.0,0.0,0.0,540.0,0.9,-60.0,
2026-02-08,Coconut Laddoo,180,0.0,0.0,54.0,0.0,54.0,0.3,-126.0,
2026-02-08,Badam Katli,180,0.0,108.0,36.0,18.0,162.0,0.9,-18.0,
2026-02-08,Besan Laddoo,240,0.0,0.0,72.0,0.0,72.0,0.3,-168.0,
2026-02-09,Badam Katli,300,0.0,0.0,0.0,0.0,0.0,0.0,-300.0,
2026-02-09,Milk Peda,480,240.0,0.0,0.0,0.0,240.0,0.5,-240.0,
2026-02-09,Coconut Laddoo,180,0.0,72.0,0.0,0.0,72.0,0.4,-108.0,
2026-02-10,Besan Laddoo,240,72.0,0.0,0.0,0.0,72.0,0.3,-168.0,
2026-02-10,Milk Peda,240,120.0,0.0,48.0,24.0,192.0,0.8,-48.0,
2026-02-11,Motichoor Laddoo,180,54.0,72.0,36.0,0.0,162.0,0.9,-18.0,
2026-02-11,Coconut Laddoo,600,300.0,240.0,120.0,0.0,660.0,1.1,60.0,
2026-02-11,Milk Peda,300,90.0,120.0,0.0,0.0,210.0,0.7,-90.0,
2026-02-12,Pista Burfi,240,0.0,144.0,72.0,0.0,216.0,0.9,-24.0,
2026-02-12,Badam Katli,480,144.0,0.0,96.0,48.0,288.0,0.6,-192.0,
2026-02-12,Milk Peda,600,300.0,0.0,0.0,0.0,300.0,0.5,-300.0,
2026-02-13,Mysore Pak,480,240.0,192.0,144.0,0.0,576.0,1.2,96.0,
2026-02-13,Coconut Laddoo,300,90.0,180.0,0.0,30.0,300.0,1.0,0.0,
2026-02-13,Milk Peda,600,300.0,360.0,0.0,0.0,660.0,1.1,60.0,
2026-02-14,Pista Burfi,600,180.0,0.0,180.0,0.0,360.0,0.6,-240.0,
2026-02-14,Milk Peda,300,150.0,120.0,0.0,0.0,270.0,0.9,-30.0,
2026-02-14,Kaju Katli Classic,180,90.0,72.0,54.0,18.0,234.0,1.3,54.0,
2026-02-14,Motichoor Laddoo,600,180.0,360.0,180.0,60.0,780.0,1.3,180.0,
2026-02-15,Pista Burfi,240,120.0,96.0,48.0,24.0,288.0,1.2,48.0,
2026-02-15,Badam Katli,600,300.0,240.0,120.0,60.0,720.0,1.2,120.0,
2026-02-16,Milk Peda,600,0.0,240.0,180.0,0.0,420.0,0.7,-180.0,
2026-02-16,Kaju Katli Classic,480,0.0,288.0,0.0,0.0,288.0,0.6,-192.0,
2026-02-17,Besan Laddoo,240,0.0,144.0,72.0,0.0,216.0,0.9,-24.0,
2026-02-17,Milk Peda,180,54.0,0.0,36.0,18.0,108.0,0.6,-72.0,
2026-02-17,Motichoor Laddoo,300,90.0,120.0,60.0,30.0,300.0,1.0,0.0,
2026-02-17,Mysore Pak,240,0.0,0.0,48.0,24.0,72.0,0.3,-168.0,
2026-02-18,Pista Burfi,240,72.0,144.0,72.0,24.0,312.0,1.3,72.0,
2026-02-18,Coconut Laddoo,180,90.0,108.0,0.0,18.0,216.0,1.2,36.0,
2026-02-19,Badam Katli,240,120.0,96.0,48.0,0.0,264.0,1.1,24.0,
2026-02-19,Mysore Pak,600,300.0,360.0,180.0,60.0,900.0,1.5,300.0,
2026-02-19,Milk Peda,180,54.0,0.0,54.0,18.0,126.0,0.7,-54.0,
2026-02-19,Motichoor Laddoo,600,180.0,0.0,0.0,0.0,180.0,0.3,-420.0,
2026-02-20,Milk Peda,480,0.0,288.0,96.0,48.0,432.0,0.9,-48.0,
2026-02-20,Mysore Pak,600,300.0,0.0,180.0,60.0,540.0,0.9,-60.0,
2026-02-20,Badam Katli,240,0.0,144.0,48.0,0.0,192.0,0.8,-48.0,
2026-02-21,Mysore Pak,240,120.0,96.0,48.0,0.0,264.0,1.1,24.0,
2026-02-21,Besan Laddoo,180,90.0,72.0,0.0,18.0,180.0,1.0,0.0,
2026-02-22,Milk Peda,300,90.0,120.0,0.0,0.0,210.0,0.7,-90.0,
2026-02-22,Badam Katli,600,300.0,0.0,180.0,0.0,480.0,0.8,-120.0,
2026-02-23,Besan Laddoo,300,90.0,120.0,60.0,0.0,270.0,0.9,-30.0,
2026-02-23,Badam Katli,240,0.0,144.0,72.0,0.0,216.0,0.9,-24.0,
2026-02-23,Pista Burfi,300,150.0,120.0,0.0,0.0,270.0,0.9,-30.0,
2026-02-24,Motichoor Laddoo,300,90.0,180.0,90.0,30.0,390.0,1.3,90.0,
2026-02-24,Mysore Pak,600,180.0,240.0,120.0,0.0,540.0,0.9,-60.0,
2026-02-25,Kaju Katli Classic,300,150.0,0.0,60.0,0.0,210.0,0.7,-90.0,
2026-02-25,Besan Laddoo,480,144.0,0.0,144.0,48.0,336.0,0.7,-144.0,
2026-02-25,Mysore Pak,180,0.0,0.0,36.0,0.0,36.0,0.2,-144.0,
2026-02-26,Besan Laddoo,180,0.0,108.0,54.0,0.0,162.0,0.9,-18.0,
2026-02-26,Motichoor Laddoo,240,72.0,96.0,72.0,0.0,240.0,1.0,0.0,
2026-02-26,Milk Peda,300,150.0,120.0,0.0,0.0,270.0,0.9,-30.0,
2026-02-26,Badam Katli,600,300.0,360.0,0.0,0.0,660.0,1.1,60.0,
2026-02-27,Mysore Pak,180,0.0,0.0,54.0,0.0,54.0,0.3,-126.0,
2026-02-27,Badam Katli,240,0.0,144.0,0.0,0.0,144.0,0.6,-96.0,
2026-02-27,Coconut Laddoo,180,90.0,72.0,36.0,18.0,216.0,1.2,36.0,
2026-02-28,Pista Burfi,240,0.0,0.0,0.0,24.0,24.0,0.1,-216.0,
2026-02-28,Mysore Pak,240,72.0,144.0,48.0,0.0,264.0,1.1,24.0,
2026-02-28,Besan Laddoo,600,300.0,360.0,120.0,60.0,840.0,1.4,240.0,
2026-03-01,Motichoor Laddoo,180,0.0,0.0,54.0,0.0,54.0,0.3,-126.0,
2026-03-01,Milk Peda,600,180.0,360.0,0.0,60.0,600.0,1.0,0.0,
2026-03-02,Pista Burfi,180,0.0,108.0,0.0,0.0,108.0,0.6,-72.0,
2026-03-02,Coconut Laddoo,300,90.0,180.0,90.0,30.0,390.0,1.3,90.0,
2026-03-02,Badam Katli,300,150.0,180.0,90.0,30.0,450.0,1.5,150.0,
2026-03-02,Milk Peda,600,300.0,0.0,0.0,60.0,360.0,0.6,-240.0,
2026-03-03,Milk Peda,240,0.0,96.0,48.0,24.0,168.0,0.7,-72.0,
2026-03-03,Motichoor Laddoo,240,0.0,144.0,48.0,0.0,192.0,0.8,-48.0,
2026-03-04,Pista Burfi,240,0.0,0.0,72.0,24.0,96.0,0.4,-144.0,
2026-03-04,Kaju Katli Classic,480,240.0,0.0,96.0,48.0,384.0,0.8,-96.0,
2026-03-05,Coconut Laddoo,180,90.0,0.0,36.0,0.0,126.0,0.7,-54.0,
2026-03-05,Motichoor Laddoo,480,0.0,192.0,0.0,0.0,192.0,0.4,-288.0,
2026-03-06,Badam Katli,180,54.0,0.0,36.0,0.0,90.0,0.5,-90.0,
2026-03-06,Mysore Pak,240,120.0,144.0,0.0,24.0,288.0,1.2,48.0,
2026-03-06,Coconut Laddoo,600,300.0,360.0,0.0,0.0,660.0,1.1,60.0,
2026-03-06,Kaju Katli Classic,300,0.0,180.0,60.0,30.0,270.0,0.9,-30.0,
2026-03-07,Coconut Laddoo,600,0.0,240.0,120.0,0.0,360.0,0.6,-240.0,
2026-03-07,Motichoor Laddoo,600,180.0,360.0,180.0,0.0,720.0,1.2,120.0,
2026-03-07,Milk Peda,600,300.0,0.0,180.0,0.0,480.0,0.8,-120.0,
2026-03-07,Besan Laddoo,240,72.0,96.0,48.0,24.0,240.0,1.0,0.0,
2026-03-08,Kaju Katli Classic,300,90.0,0.0,90.0,30.0,210.0,0.7,-90.0,
2026-03-08,Besan Laddoo,180,90.0,0.0,54.0,0.0,144.0,0.8,-36.0,
2026-03-09,Kaju Katli Classic,300,150.0,0.0,0.0,30.0,180.0,0.6,-120.0,
2026-03-09,Milk Peda,300,150.0,120.0,0.0,0.0,270.0,0.9,-30.0,
2026-03-09,Besan Laddoo,180,90.0,0.0,54.0,0.0,144.0,0.8,-36.0,
2026-03-10,Milk Peda,240,0.0,96.0,0.0,0.0,96.0,0.4,-144.0,
2026-03-10,Motichoor Laddoo,240,120.0,144.0,72.0,0.0,336.0,1.4,96.0,
2026-03-11,Besan Laddoo,180,54.0,108.0,54.0,18.0,234.0,1.3,54.0,
2026-03-11,Mysore Pak,180,90.0,108.0,54.0,0.0,252.0,1.4,72.0,
2026-03-11,Motichoor Laddoo,480,0.0,192.0,0.0,0.0,192.0,0.4,-288.0,
2026-03-12,Mysore Pak,600,180.0,240.0,0.0,0.0,420.0,0.7,-180.0,
2026-03-12,Pista Burfi,180,54.0,108.0,36.0,0.0,198.0,1.1,18.0,
2026-03-13,Badam Katli,300,90.0,180.0,0.0,0.0,270.0,0.9,-30.0,
2026-03-13,Mysore Pak,180,54.0,72.0,36.0,0.0,162.0,0.9,-18.0,
2026-03-14,Coconut Laddoo,180,54.0,72.0,54.0,0.0,180.0,1.0,0.0,
2026-03-14,Badam Katli,180,54.0,108.0,0.0,18.0,180.0,1.0,0.0,
2026-03-14,Motichoor Laddoo,480,240.0,288.0,96.0,48.0,672.0,1.4,192.0,
2026-03-15,Badam Katli,240,0.0,144.0,0.0,0.0,144.0,0.6,-96.0,
2026-03-15,Pista Burfi,180,54.0,0.0,0.0,0.0,54.0,0.3,-126.0,
2026-03-16,Badam Katli,180,0.0,108.0,36.0,0.0,144.0,0.8,-36.0,
2026-03-16,Kaju Katli Classic,180,0.0,72.0,54.0,0.0,126.0,0.7,-54.0,
2026-03-16,Coconut Laddoo,300,0.0,120.0,60.0,0.0,180.0,0.6,-120.0,
2026-03-17,Milk Peda,600,0.0,0.0,0.0,60.0,60.0,0.1,-540.0,
2026-03-17,Besan Laddoo,180,90.0,72.0,36.0,18.0,216.0,1.2,36.0,
2026-03-17,Coconut Laddoo,300,150.0,120.0,90.0,0.0,360.0,1.2,60.0,
2026-03-18,Pista Burfi,240,120.0,144.0,0.0,0.0,264.0,1.1,24.0,
2026-03-18,Besan Laddoo,480,240.0,192.0,144.0,0.0,576.0,1.2,96.0,
2026-03-19,Pista Burfi,600,0.0,240.0,0.0,60.0,300.0,0.5,-300.0,
2026-03-19,Milk Peda,480,144.0,288.0,0.0,48.0,480.0,1.0,0.0,
2026-03-20,Badam Katli,180,0.0,108.0,54.0,18.0,180.0,1.0,0.0,
2026-03-20,Mysore Pak,600,300.0,240.0,120.0,0.0,660.0,1.1,60.0,
2026-03-20,Pista Burfi,600,300.0,360.0,120.0,0.0,780.0,1.3,180.0,
2026-03-20,Motichoor Laddoo,480,0.0,0.0,144.0,48.0,192.0,0.4,-288.0,
2026-03-21,Badam Katli,180,0.0,0.0,36.0,18.0,54.0,0.3,-126.0,
2026-03-21,Besan Laddoo,600,300.0,360.0,180.0,60.0,900.0,1.5,300.0,
2026-03-21,Coconut Laddoo,180,90.0,108.0,0.0,0.0,198.0,1.1,18.0,
2026-03-22,Badam Katli,480,144.0,0.0,144.0,48.0,336.0,0.7,-144.0,
2026-03-22,Milk Peda,480,0.0,0.0,0.0,0.0,0.0,0.0,-480.0,
2026-03-23,Besan Laddoo,240,120.0,96.0,0.0,24.0,240.0,1.0,0.0,
2026-03-23,Kaju Katli Classic,600,300.0,0.0,0.0,0.0,300.0,0.5,-300.0,
2026-03-24,Besan Laddoo,240,72.0,144.0,0.0,0.0,216.0,0.9,-24.0,
2026-03-24,Coconut Laddoo,600,300.0,360.0,180.0,60.0,900.0,1.5,300.0,
2026-03-25,Milk Peda,300,90.0,0.0,0.0,0.0,90.0,0.3,-210.0,
2026-03-25,Besan Laddoo,240,0.0,96.0,72.0,24.0,192.0,0.8,-48.0,
2026-03-26,Pista Burfi,300,150.0,180.0,90.0,30.0,450.0,1.5,150.0,
2026-03-26,Milk Peda,600,0.0,0.0,180.0,60.0,240.0,0.4,-360.0,
2026-03-26,Coconut Laddoo,240,120.0,144.0,72.0,0.0,336.0,1.4,96.0,
2026-03-26,Badam Katli,240,0.0,144.0,0.0,0.0,144.0,0.6,-96.0,
2026-03-27,Badam Katli,180,90.0,72.0,36.0,0.0,198.0,1.1,18.0,
2026-03-27,Coconut Laddoo,300,90.0,0.0,0.0,0.0,90.0,0.3,-210.0,
2026-03-27,Mysore Pak,240,72.0,0.0,0.0,0.0,72.0,0.3,-168.0,
2026-03-28,Motichoor Laddoo,480,144.0,288.0,96.0,48.0,576.0,1.2,96.0,
2026-03-28,Milk Peda,300,90.0,180.0,60.0,0.0,330.0,1.1,30.0,
2026-03-29,Milk Peda,180,54.0,72.0,36.0,0.0,162.0,0.9,-18.0,
2026-03-29,Coconut Laddoo,480,0.0,192.0,144.0,0.0,336.0,0.7,-144.0,
2026-03-29,Motichoor Laddoo,240,72.0,144.0,48.0,0.0,264.0,1.1,24.0,
2026-03-29,Badam Katli,240,0.0,0.0,0.0,0.0,0.0,0.0,-240.0,
2026-03-30,Motichoor Laddoo,240,120.0,0.0,48.0,0.0,168.0,0.7,-72.0,
2026-03-30,Coconut Laddoo,480,0.0,288.0,144.0,0.0,432.0,0.9,-48.0,
2026-03-30,Pista Burfi,480,144.0,288.0,144.0,48.0,624.0,1.3,144.0,
2026-03-30,Kaju Katli Classic,240,0.0,144.0,48.0,24.0,216.0,0.9,-24.0,
2026-03-31,Pista Burfi,300,150.0,120.0,90.0,0.0,360.0,1.2,60.0,
2026-03-31,Milk Peda,600,180.0,0.0,180.0,0.0,360.0,0.6,-240.0,
2026-04-01,Besan Laddoo,180,90.0,0.0,0.0,0.0,90.0,0.5,-90.0,
2026-04-01,Motichoor Laddoo,300,90.0,0.0,0.0,30.0,120.0,0.4,-180.0,
2026-04-02,Besan Laddoo,600,0.0,0.0,0.0,0.0,0.0,0.0,-600.0,
2026-04-02,Motichoor Laddoo,180,90.0,72.0,54.0,0.0,216.0,1.2,36.0,
2026-04-02,Coconut Laddoo,240,120.0,96.0,72.0,24.0,312.0,1.3,72.0,
2026-04-02,Badam Katli,240,120.0,96.0,72.0,0.0,288.0,1.2,48.0,
2026-04-03,Besan Laddoo,600,180.0,0.0,0.0,0.0,180.0,0.3,-420.0,
2026-04-03,Motichoor Laddoo,300,150.0,0.0,90.0,30.0,270.0,0.9,-30.0,
2026-04-03,Kaju Katli Classic,300,150.0,0.0,0.0,0.0,150.0,0.5,-150.0,
2026-04-04,Milk Peda,180,54.0,0.0,36.0,18.0,108.0,0.6,-72.0,
2026-04-04,Kaju Katli Classic,180,90.0,72.0,54.0,0.0,216.0,1.2,36.0,
2026-04-04,Mysore Pak,600,300.0,0.0,180.0,60.0,540.0,0.9,-60.0,
2026-04-05,Motichoor Laddoo,240,120.0,0.0,72.0,24.0,216.0,0.9,-24.0,
2026-04-05,Besan Laddoo,480,240.0,192.0,96.0,0.0,528.0,1.1,48.0,
2026-04-06,Mysore Pak,480,144.0,0.0,144.0,0.0,288.0,0.6,-192.0,
2026-04-06,Coconut Laddoo,480,240.0,192.0,0.0,0.0,432.0,0.9,-48.0,
2026-04-06,Milk Peda,480,240.0,288.0,144.0,0.0,672.0,1.4,192.0,
2026-04-07,Mysore Pak,600,300.0,360.0,0.0,60.0,720.0,1.2,120.0,
2026-04-07,Pista Burfi,480,0.0,0.0,0.0,48.0,48.0,0.1,-432.0,
2026-04-08,Badam Katli,600,180.0,0.0,0.0,60.0,240.0,0.4,-360.0,
2026-04-08,Pista Burfi,240,120.0,96.0,0.0,0.0,216.0,0.9,-24.0,
2026-04-08,Kaju Katli Classic,600,0.0,0.0,120.0,60.0,180.0,0.3,-420.0,
2026-04-09,Mysore Pak,300,150.0,0.0,90.0,30.0,270.0,0.9,-30.0,
2026-04-09,Coconut Laddoo,240,120.0,144.0,72.0,0.0,336.0,1.4,96.0,
2026-04-10,Besan Laddoo,180,90.0,72.0,54.0,18.0,234.0,1.3,54.0,
2026-04-10,Kaju Katli Classic,240,0.0,144.0,48.0,24.0,216.0,0.9,-24.0,
2026-04-11,Coconut Laddoo,300,150.0,0.0,0.0,30.0,180.0,0.6,-120.0,
2026-04-11,Milk Peda,240,72.0,0.0,0.0,0.0,72.0,0.3,-168.0,
2026-04-11,Besan Laddoo,180,54.0,108.0,54.0,0.0,216.0,1.2,36.0,
2026-04-11,Mysore Pak,300,90.0,180.0,90.0,0.0,360.0,1.2,60.0,
2026-04-12,Badam Katli,240,72.0,0.0,48.0,0.0,120.0,0.5,-120.0,
2026-04-12,Pista Burfi,300,150.0,180.0,60.0,30.0,420.0,1.4,120.0,
2026-04-12,Milk Peda,480,240.0,0.0,96.0,0.0,336.0,0.7,-144.0,
2026-04-13,Coconut Laddoo,240,120.0,0.0,48.0,24.0,192.0,0.8,-48.0,
2026-04-13,Mysore Pak,480,240.0,192.0,0.0,0.0,432.0,0.9,-48.0,
2026-04-13,Badam Katli,300,90.0,120.0,0.0,30.0,240.0,0.8,-60.0,
2026-04-14,Mysore Pak,300,150.0,120.0,90.0,30.0,390.0,1.3,90.0,
2026-04-14,Milk Peda,300,90.0,180.0,0.0,0.0,270.0,0.9,-30.0,
2026-04-14,Badam Katli,480,144.0,0.0,144.0,0.0,288.0,0.6,-192.0,
2026-04-14,Motichoor Laddoo,300,150.0,0.0,0.0,30.0,180.0,0.6,-120.0,
2026-04-15,Milk Peda,180,54.0,0.0,54.0,18.0,126.0,0.7,-54.0,
2026-04-15,Motichoor Laddoo,180,54.0,0.0,36.0,0.0,90.0,0.5,-90.0,
2026-04-16,Coconut Laddoo,480,0.0,192.0,96.0,0.0,288.0,0.6,-192.0,
2026-04-16,Badam Katli,600,180.0,360.0,180.0,60.0,780.0,1.3,180.0,
2026-04-16,Besan Laddoo,600,0.0,240.0,180.0,60.0,480.0,0.8,-120.0,
2026-04-17,Milk Peda,480,0.0,192.0,96.0,48.0,336.0,0.7,-144.0,
2026-04-17,Besan Laddoo,240,120.0,96.0,0.0,0.0,216.0,0.9,-24.0,
2026-04-17,Badam Katli,240,72.0,0.0,48.0,0.0,120.0,0.5,-120.0,
2026-04-17,Kaju Katli Classic,600,0.0,0.0,0.0,60.0,60.0,0.1,-540.0,
2026-04-18,Coconut Laddoo,480,0.0,288.0,144.0,0.0,432.0,0.9,-48.0,
2026-04-18,Milk Peda,240,72.0,96.0,0.0,0.0,168.0,0.7,-72.0,
2026-04-18,Besan Laddoo,180,0.0,108.0,54.0,18.0,180.0,1.0,0.0,
2026-04-18,Motichoor Laddoo,300,0.0,120.0,90.0,30.0,240.0,0.8,-60.0,
2026-04-19,Kaju Katli Classic,300,90.0,0.0,60.0,0.0,150.0,0.5,-150.0,
2026-04-19,Besan Laddoo,180,0.0,72.0,36.0,0.0,108.0,0.6,-72.0,
2026-04-19,Mysore Pak,300,0.0,180.0,0.0,0.0,180.0,0.6,-120.0,
2026-04-20,Badam Katli,600,300.0,360.0,180.0,0.0,840.0,1.4,240.0,
2026-04-20,Kaju Katli Classic,300,90.0,120.0,90.0,0.0,300.0,1.0,0.0,
2026-04-20,Milk Peda,180,0.0,108.0,36.0,0.0,144.0,0.8,-36.0,
2026-04-21,Kaju Katli Classic,300,0.0,180.0,60.0,30.0,270.0,0.9,-30.0,
2026-04-21,Pista Burfi,240,0.0,96.0,48.0,24.0,168.0,0.7,-72.0,
2026-04-21,Coconut Laddoo,600,180.0,240.0,0.0,0.0,420.0,0.7,-180.0,
2026-04-21,Badam Katli,240,120.0,96.0,48.0,0.0,264.0,1.1,24.0,
2026-04-22,Kaju Katli Classic,300,150.0,0.0,0.0,0.0,150.0,0.5,-150.0,
2026-04-22,Milk Peda,300,150.0,0.0,60.0,0.0,210.0,0.7,-90.0,
2026-04-22,Motichoor Laddoo,240,120.0,144.0,72.0,0.0,336.0,1.4,96.0,
2026-04-22,Badam Katli,600,0.0,360.0,0.0,0.0,360.0,0.6,-240.0,
2026-04-23,Coconut Laddoo,600,300.0,0.0,120.0,0.0,420.0,0.7,-180.0,
2026-04-23,Kaju Katli Classic,480,240.0,192.0,144.0,0.0,576.0,1.2,96.0,
2026-04-24,Mysore Pak,600,0.0,240.0,0.0,0.0,240.0,0.4,-360.0,
2026-04-24,Coconut Laddoo,240,72.0,96.0,72.0,24.0,264.0,1.1,24.0,
2026-04-25,Coconut Laddoo,180,90.0,108.0,54.0,0.0,252.0,1.4,72.0,
2026-04-25,Besan Laddoo,180,90.0,72.0,54.0,0.0,216.0,1.2,36.0,
2026-04-25,Mysore Pak,480,240.0,0.0,96.0,48.0,384.0,0.8,-96.0,
2026-04-26,Besan Laddoo,600,180.0,240.0,0.0,0.0,420.0,0.7,-180.0,
2026-04-26,Motichoor Laddoo,300,0.0,0.0,90.0,0.0,90.0,0.3,-210.0,
2026-04-26,Milk Peda,300,0.0,180.0,60.0,30.0,270.0,0.9,-30.0,
2026-04-26,Coconut Laddoo,180,54.0,0.0,54.0,18.0,126.0,0.7,-54.0,
2026-04-27,Badam Katli,240,120.0,0.0,48.0,0.0,168.0,0.7,-72.0,
2026-04-27,Besan Laddoo,180,0.0,72.0,36.0,0.0,108.0,0.6,-72.0,
2026-04-28,Pista Burfi,180,54.0,108.0,0.0,0.0,162.0,0.9,-18.0,
2026-04-28,Badam Katli,240,72.0,0.0,48.0,0.0,120.0,0.5,-120.0,
2026-04-28,Coconut Laddoo,300,90.0,0.0,60.0,0.0,150.0,0.5,-150.0,
2026-04-29,Motichoor Laddoo,240,72.0,144.0,48.0,24.0,288.0,1.2,48.0,
2026-04-29,Milk Peda,180,0.0,72.0,0.0,0.0,72.0,0.4,-108.0,
2026-04-30,Badam Katli,180,0.0,0.0,54.0,0.0,54.0,0.3,-126.0,
2026-04-30,Milk Peda,600,0.0,240.0,0.0,0.0,240.0,0.4,-360.0,
2026-04-30,Motichoor Laddoo,180,90.0,0.0,0.0,0.0,90.0,0.5,-90.0,
2026-05-01,Mysore Pak,600,0.0,0.0,0.0,60.0,60.0,0.1,-540.0,
2026-05-01,Pista Burfi,240,72.0,0.0,0.0,0.0,72.0,0.3,-168.0,
2026-05-01,Milk Peda,180,90.0,108.0,54.0,18.0,270.0,1.5,90.0,
2026-05-02,Besan Laddoo,180,90.0,72.0,0.0,0.0,162.0,0.9,-18.0,
2026-05-02,Kaju Katli Classic,300,0.0,180.0,90.0,0.0,270.0,0.9,-30.0,
2026-05-03,Milk Peda,600,180.0,0.0,180.0,0.0,360.0,0.6,-240.0,
2026-05-03,Mysore Pak,300,90.0,0.0,0.0,0.0,90.0,0.3,-210.0,
2026-05-03,Besan Laddoo,480,0.0,192.0,0.0,0.0,192.0,0.4,-288.0,
2026-05-04,Motichoor Laddoo,300,150.0,0.0,0.0,30.0,180.0,0.6,-120.0,
2026-05-04,Kaju Katli Classic,480,144.0,192.0,0.0,0.0,336.0,0.7,-144.0,
2026-05-04,Besan Laddoo,300,0.0,120.0,90.0,0.0,210.0,0.7,-90.0,
2026-05-04,Badam Katli,240,120.0,96.0,72.0,0.0,288.0,1.2,48.0,
2026-05-05,Milk Peda,480,144.0,0.0,144.0,48.0,336.0,0.7,-144.0,
2026-05-05,Kaju Katli Classic,600,0.0,240.0,180.0,0.0,420.0,0.7,-180.0,
2026-05-05,Mysore Pak,480,240.0,0.0,0.0,0.0,240.0,0.5,-240.0,
2026-05-06,Kaju Katli Classic,180,90.0,108.0,36.0,18.0,252.0,1.4,72.0,
2026-05-06,Besan Laddoo,180,90.0,72.0,54.0,0.0,216.0,1.2,36.0,
2026-05-06,Motichoor Laddoo,480,240.0,192.0,0.0,48.0,480.0,1.0,0.0,
2026-05-07,Coconut Laddoo,300,0.0,180.0,60.0,0.0,240.0,0.8,-60.0,
2026-05-07,Mysore Pak,300,150.0,0.0,0.0,30.0,180.0,0.6,-120.0,
2026-05-07,Kaju Katli Classic,480,144.0,0.0,144.0,48.0,336.0,0.7,-144.0,
2026-05-07,Badam Katli,180,54.0,108.0,36.0,0.0,198.0,1.1,18.0,
2026-05-08,Pista Burfi,300,150.0,180.0,60.0,30.0,420.0,1.4,120.0,
2026-05-08,Mysore Pak,180,90.0,0.0,36.0,0.0,126.0,0.7,-54.0,
2026-05-08,Milk Peda,300,0.0,180.0,60.0,0.0,240.0,0.8,-60.0,
2026-05-08,Coconut Laddoo,240,72.0,144.0,48.0,24.0,288.0,1.2,48.0,
2026-05-09,Coconut Laddoo,600,300.0,360.0,120.0,0.0,780.0,1.3,180.0,
2026-05-09,Besan Laddoo,240,72.0,0.0,0.0,0.0,72.0,0.3,-168.0,
2026-05-09,Mysore Pak,300,90.0,120.0,90.0,30.0,330.0,1.1,30.0,
2026-05-09,Milk Peda,480,0.0,192.0,144.0,0.0,336.0,0.7,-144.0,
2026-05-10,Besan Laddoo,600,300.0,240.0,120.0,0.0,660.0,1.1,60.0,
2026-05-10,Milk Peda,480,0.0,288.0,0.0,48.0,336.0,0.7,-144.0,
2026-05-11,Besan Laddoo,240,72.0,96.0,72.0,24.0,264.0,1.1,24.0,
2026-05-11,Mysore Pak,600,0.0,240.0,120.0,60.0,420.0,0.7,-180.0,
2026-05-11,Pista Burfi,240,0.0,96.0,48.0,24.0,168.0,0.7,-72.0,
2026-05-12,Motichoor Laddoo,240,120.0,96.0,0.0,0.0,216.0,0.9,-24.0,
2026-05-12,Mysore Pak,480,240.0,0.0,96.0,48.0,384.0,0.8,-96.0,
2026-05-12,Kaju Katli Classic,600,0.0,0.0,120.0,0.0,120.0,0.2,-480.0,
2026-05-12,Pista Burfi,600,300.0,0.0,0.0,0.0,300.0,0.5,-300.0,
2026-05-13,Kaju Katli Classic,300,150.0,180.0,60.0,30.0,420.0,1.4,120.0,
2026-05-13,Mysore Pak,300,90.0,120.0,0.0,30.0,240.0,0.8,-60.0,
2026-05-14,Coconut Laddoo,480,144.0,0.0,144.0,0.0,288.0,0.6,-192.0,
2026-05-14,Pista Burfi,600,300.0,360.0,120.0,0.0,780.0,1.3,180.0,
2026-05-14,Kaju Katli Classic,300,0.0,120.0,90.0,30.0,240.0,0.8,-60.0,
2026-05-14,Mysore Pak,300,150.0,120.0,90.0,0.0,360.0,1.2,60.0,
2026-05-15,Milk Peda,180,90.0,72.0,54.0,0.0,216.0,1.2,36.0,
2026-05-15,Besan Laddoo,300,150.0,0.0,0.0,30.0,180.0,0.6,-120.0,
2026-05-16,Motichoor Laddoo,480,144.0,288.0,96.0,48.0,576.0,1.2,96.0,
2026-05-16,Besan Laddoo,600,180.0,360.0,180.0,0.0,720.0,1.2,120.0,
2026-05-16,Pista Burfi,180,0.0,0.0,54.0,18.0,72.0,0.4,-108.0,
2026-05-16,Coconut Laddoo,240,120.0,0.0,0.0,24.0,144.0,0.6,-96.0,
2026-05-17,Motichoor Laddoo,180,90.0,0.0,0.0,0.0,90.0,0.5,-90.0,
2026-05-17,Pista Burfi,180,0.0,0.0,54.0,18.0,72.0,0.4,-108.0,
2026-05-17,Badam Katli,180,54.0,108.0,0.0,0.0,162.0,0.9,-18.0,
2026-05-17,Coconut Laddoo,180,0.0,72.0,36.0,18.0,126.0,0.7,-54.0,
2026-05-18,Pista Burfi,600,0.0,240.0,120.0,60.0,420.0,0.7,-180.0,
2026-05-18,Badam Katli,240,0.0,96.0,72.0,0.0,168.0,0.7,-72.0,
2026-05-19,Kaju Katli Classic,300,150.0,180.0,0.0,30.0,360.0,1.2,60.0,
2026-05-19,Badam Katli,240,72.0,144.0,72.0,0.0,288.0,1.2,48.0,
2026-05-19,Mysore Pak,240,72.0,144.0,72.0,24.0,312.0,1.3,72.0,
2026-05-20,Mysore Pak,600,300.0,0.0,180.0,60.0,540.0,0.9,-60.0,
2026-05-20,Kaju Katli Classic,240,72.0,0.0,72.0,0.0,144.0,0.6,-96.0,
2026-05-20,Motichoor Laddoo,480,144.0,288.0,0.0,0.0,432.0,0.9,-48.0,
2026-05-20,Badam Katli,300,150.0,180.0,90.0,30.0,450.0,1.5,150.0,
2026-05-21,Milk Peda,600,180.0,0.0,180.0,0.0,360.0,0.6,-240.0,
2026-05-21,Kaju Katli Classic,600,180.0,240.0,180.0,60.0,660.0,1.1,60.0,
2026-05-22,Pista Burfi,480,144.0,0.0,0.0,48.0,192.0,0.4,-288.0,
2026-05-22,Motichoor Laddoo,480,144.0,0.0,96.0,0.0,240.0,0.5,-240.0,
2026-05-23,Milk Peda,300,90.0,180.0,0.0,0.0,270.0,0.9,-30.0,
2026-05-23,Mysore Pak,180,90.0,72.0,54.0,0.0,216.0,1.2,36.0,
2026-05-23,Besan Laddoo,240,72.0,96.0,72.0,0.0,240.0,1.0,0.0,
2026-05-23,Pista Burfi,300,150.0,0.0,0.0,0.0,150.0,0.5,-150.0,
2026-05-24,Pista Burfi,180,54.0,72.0,54.0,18.0,198.0,1.1,18.0,
2026-05-24,Coconut Laddoo,480,0.0,192.0,0.0,48.0,240.0,0.5,-240.0,
2026-05-24,Milk Peda,600,180.0,240.0,180.0,0.0,600.0,1.0,0.0,
2026-05-25,Badam Katli,480,240.0,0.0,144.0,48.0,432.0,0.9,-48.0,
2026-05-25,Coconut Laddoo,600,300.0,240.0,120.0,0.0,660.0,1.1,60.0,
2026-05-25,Besan Laddoo,180,0.0,108.0,54.0,0.0,162.0,0.9,-18.0,
2026-05-25,Milk Peda,240,0.0,144.0,0.0,24.0,168.0,0.7,-72.0,
2026-05-26,Badam Katli,600,180.0,240.0,180.0,0.0,600.0,1.0,0.0,
2026-05-26,Pista Burfi,600,180.0,0.0,180.0,0.0,360.0,0.6,-240.0,
2026-05-26,Kaju Katli Classic,300,150.0,180.0,0.0,0.0,330.0,1.1,30.0,
2026-05-26,Motichoor Laddoo,600,0.0,0.0,120.0,0.0,120.0,0.2,-480.0,
2026-05-27,Pista Burfi,240,120.0,0.0,0.0,0.0,120.0,0.5,-120.0,
2026-05-27,Motichoor Laddoo,600,0.0,240.0,180.0,0.0,420.0,0.7,-180.0,
2026-05-27,Mysore Pak,480,0.0,192.0,144.0,0.0,336.0,0.7,-144.0,
2026-05-27,Coconut Laddoo,240,0.0,0.0,48.0,0.0,48.0,0.2,-192.0,
2026-05-28,Besan Laddoo,180,54.0,72.0,0.0,0.0,126.0,0.7,-54.0,
2026-05-28,Badam Katli,180,54.0,0.0,0.0,0.0,54.0,0.3,-126.0,
2026-05-28,Milk Peda,480,240.0,288.0,96.0,0.0,624.0,1.3,144.0,
2026-05-29,Besan Laddoo,600,0.0,360.0,180.0,0.0,540.0,0.9,-60.0,
2026-05-29,Motichoor Laddoo,300,150.0,180.0,0.0,0.0,330.0,1.1,30.0,
2026-05-29,Coconut Laddoo,300,90.0,180.0,0.0,0.0,270.0,0.9,-30.0,
2026-05-30,Badam Katli,600,180.0,240.0,0.0,0.0,420.0,0.7,-180.0,
2026-05-30,Motichoor Laddoo,180,0.0,108.0,54.0,0.0,162.0,0.9,-18.0,
2026-05-31,Pista Burfi,300,0.0,180.0,90.0,0.0,270.0,0.9,-30.0,
2026-05-31,Besan Laddoo,300,0.0,120.0,60.0,0.0,180.0,0.6,-120.0,
2026-05-31,Milk Peda,300,90.0,180.0,90.0,0.0,360.0,1.2,60.0,
2026-06-01,Badam Katli,300,0.0,0.0,0.0,0.0,0.0,0.0,-300.0,
2026-06-01,Motichoor Laddoo,480,144.0,0.0,144.0,0.0,288.0,0.6,-192.0,
2026-06-01,Coconut Laddoo,600,0.0,240.0,0.0,0.0,240.0,0.4,-360.0,
2026-06-02,Motichoor Laddoo,240,0.0,144.0,48.0,0.0,192.0,0.8,-48.0,
2026-06-02,Badam Katli,480,240.0,192.0,144.0,0.0,576.0,1.2,96.0,
2026-06-02,Milk Peda,240,72.0,0.0,0.0,0.0,72.0,0.3,-168.0,
2026-06-03,Kaju Katli Classic,300,90.0,120.0,60.0,0.0,270.0,0.9,-30.0,
2026-06-03,Motichoor Laddoo,480,144.0,288.0,144.0,0.0,576.0,1.2,96.0,
2026-06-04,Badam Katli,300,150.0,120.0,60.0,0.0,330.0,1.1,30.0,
2026-06-04,Motichoor Laddoo,240,0.0,0.0,0.0,0.0,0.0,0.0,-240.0,
2026-06-04,Pista Burfi,240,72.0,0.0,0.0,0.0,72.0,0.3,-168.0,
2026-06-04,Coconut Laddoo,300,150.0,0.0,60.0,30.0,240.0,0.8,-60.0,
2026-06-05,Motichoor Laddoo,180,0.0,72.0,36.0,0.0,108.0,0.6,-72.0,
2026-06-05,Milk Peda,300,150.0,0.0,90.0,30.0,270.0,0.9,-30.0,
2026-06-05,Coconut Laddoo,240,72.0,96.0,48.0,24.0,240.0,1.0,0.0,
2026-06-06,Milk Peda,240,120.0,144.0,72.0,0.0,336.0,1.4,96.0,
2026-06-06,Pista Burfi,180,90.0,72.0,0.0,0.0,162.0,0.9,-18.0,
2026-06-06,Motichoor Laddoo,180,90.0,0.0,54.0,18.0,162.0,0.9,-18.0,
2026-06-06,Besan Laddoo,600,0.0,240.0,120.0,0.0,360.0,0.6,-240.0,
2026-06-07,Besan Laddoo,300,0.0,180.0,90.0,0.0,270.0,0.9,-30.0,
2026-06-07,Pista Burfi,480,240.0,288.0,144.0,0.0,672.0,1.4,192.0,
2026-06-07,Mysore Pak,180,54.0,72.0,36.0,0.0,162.0,0.9,-18.0,
2026-06-08,Coconut Laddoo,600,180.0,0.0,180.0,0.0,360.0,0.6,-240.0,
2026-06-08,Motichoor Laddoo,300,90.0,180.0,60.0,0.0,330.0,1.1,30.0,
2026-06-08,Badam Katli,180,54.0,108.0,54.0,0.0,216.0,1.2,36.0,
2026-06-08,Milk Peda,600,300.0,0.0,120.0,0.0,420.0,0.7,-180.0,
2026-06-09,Pista Burfi,600,300.0,240.0,120.0,0.0,660.0,1.1,60.0,
2026-06-09,Mysore Pak,180,54.0,0.0,0.0,18.0,72.0,0.4,-108.0,
2026-06-10,Pista Burfi,480,240.0,0.0,0.0,0.0,240.0,0.5,-240.0,
2026-06-10,Kaju Katli Classic,240,72.0,96.0,48.0,0.0,216.0,0.9,-24.0,
2026-06-11,Motichoor Laddoo,480,240.0,288.0,0.0,0.0,528.0,1.1,48.0,
2026-06-11,Pista Burfi,300,0.0,120.0,60.0,0.0,180.0,0.6,-120.0,
2026-06-12,Coconut Laddoo,180,54.0,72.0,54.0,18.0,198.0,1.1,18.0,
2026-06-12,Kaju Katli Classic,180,90.0,0.0,36.0,0.0,126.0,0.7,-54.0,
2026-06-12,Pista Burfi,300,90.0,0.0,0.0,0.0,90.0,0.3,-210.0,
2026-06-13,Motichoor Laddoo,300,90.0,120.0,0.0,0.0,210.0,0.7,-90.0,
2026-06-13,Kaju Katli Classic,600,180.0,360.0,0.0,60.0,600.0,1.0,0.0,
2026-06-14,Milk Peda,600,300.0,0.0,180.0,60.0,540.0,0.9,-60.0,
2026-06-14,Besan Laddoo,180,54.0,0.0,54.0,0.0,108.0,0.6,-72.0,
2026-06-14,Coconut Laddoo,180,0.0,108.0,36.0,0.0,144.0,0.8,-36.0,
2026-06-15,Motichoor Laddoo,240,120.0,96.0,0.0,0.0,216.0,0.9,-24.0,
2026-06-15,Mysore Pak,240,72.0,96.0,72.0,24.0,264.0,1.1,24.0,
2026-06-15,Pista Burfi,180,54.0,72.0,0.0,0.0,126.0,0.7,-54.0,
2026-06-16,Coconut Laddoo,240,0.0,0.0,0.0,0.0,0.0,0.0,-240.0,
2026-06-16,Pista Burfi,480,240.0,192.0,0.0,0.0,432.0,0.9,-48.0,
2026-06-16,Kaju Katli Classic,480,144.0,0.0,0.0,0.0,144.0,0.3,-336.0,
2026-06-17,Kaju Katli Classic,600,180.0,240.0,120.0,60.0,600.0,1.0,0.0,
2026-06-17,Mysore Pak,480,240.0,0.0,0.0,0.0,240.0,0.5,-240.0,
2026-06-17,Pista Burfi,240,120.0,144.0,48.0,0.0,312.0,1.3,72.0,
2026-06-18,Badam Katli,300,150.0,0.0,60.0,0.0,210.0,0.7,-90.0,
2026-06-18,Kaju Katli Classic,600,300.0,240.0,120.0,0.0,660.0,1.1,60.0,
2026-06-19,Besan Laddoo,240,0.0,144.0,72.0,0.0,216.0,0.9,-24.0,
2026-06-19,Badam Katli,480,240.0,192.0,144.0,0.0,576.0,1.2,96.0,
2026-06-20,Coconut Laddoo,300,0.0,120.0,90.0,0.0,210.0,0.7,-90.0,
2026-06-20,Mysore Pak,480,0.0,288.0,144.0,0.0,432.0,0.9,-48.0,
2026-06-20,Motichoor Laddoo,180,90.0,108.0,36.0,0.0,234.0,1.3,54.0,
2026-06-21,Badam Katli,600,180.0,360.0,120.0,0.0,660.0,1.1,60.0,
2026-06-21,Coconut Laddoo,480,144.0,288.0,144.0,0.0,576.0,1.2,96.0,
2026-06-21,Kaju Katli Classic,300,90.0,0.0,0.0,0.0,90.0,0.3,-210.0,
2026-06-21,Besan Laddoo,240,72.0,0.0,48.0,24.0,144.0,0.6,-96.0,
2026-06-22,Coconut Laddoo,480,144.0,288.0,0.0,48.0,480.0,1.0,0.0,
2026-06-22,Motichoor Laddoo,180,0.0,0.0,0.0,18.0,18.0,0.1,-162.0,
2026-06-22,Milk Peda,300,90.0,120.0,60.0,30.0,300.0,1.0,0.0,
2026-06-22,Mysore Pak,600,180.0,360.0,180.0,0.0,720.0,1.2,120.0,
2026-06-23,Pista Burfi,300,0.0,180.0,60.0,0.0,240.0,0.8,-60.0,
2026-06-23,Coconut Laddoo,240,72.0,144.0,0.0,0.0,216.0,0.9,-24.0,
2026-06-23,Besan Laddoo,240,0.0,144.0,48.0,24.0,216.0,0.9,-24.0,
2026-06-24,Milk Peda,600,0.0,240.0,120.0,0.0,360.0,0.6,-240.0,
2026-06-24,Motichoor Laddoo,480,144.0,192.0,0.0,0.0,336.0,0.7,-144.0,
2026-06-24,Coconut Laddoo,240,72.0,0.0,48.0,0.0,120.0,0.5,-120.0,
2026-06-25,Mysore Pak,240,72.0,144.0,72.0,0.0,288.0,1.2,48.0,
2026-06-25,Coconut Laddoo,600,0.0,0.0,0.0,60.0,60.0,0.1,-540.0,
2026-06-25,Kaju Katli Classic,300,90.0,0.0,60.0,0.0,150.0,0.5,-150.0,
2026-06-26,Coconut Laddoo,600,180.0,360.0,0.0,60.0,600.0,1.0,0.0,
2026-06-26,Badam Katli,480,240.0,192.0,144.0,0.0,576.0,1.2,96.0,
2026-06-27,Milk Peda,600,180.0,360.0,120.0,0.0,660.0,1.1,60.0,
2026-06-27,Coconut Laddoo,300,150.0,180.0,0.0,30.0,360.0,1.2,60.0,
2026-06-28,Kaju Katli Classic,240,0.0,144.0,0.0,0.0,144.0,0.6,-96.0,
2026-06-28,Pista Burfi,180,54.0,72.0,54.0,0.0,180.0,1.0,0.0,
2026-06-28,Besan Laddoo,180,54.0,108.0,36.0,0.0,198.0,1.1,18.0,
2026-06-29,Badam Katli,300,0.0,180.0,0.0,0.0,180.0,0.6,-120.0,
2026-06-29,Milk Peda,480,0.0,192.0,96.0,0.0,288.0,0.6,-192.0,
2026-06-29,Motichoor Laddoo,300,90.0,0.0,90.0,0.0,180.0,0.6,-120.0,
2026-06-30,Coconut Laddoo,240,72.0,144.0,48.0,0.0,264.0,1.1,24.0,
2026-06-30,Besan Laddoo,240,0.0,0.0,72.0,0.0,72.0,0.3,-168.0,
2026-06-30,Milk Peda,240,72.0,0.0,48.0,0.0,120.0,0.5,-120.0,
2026-06-30,Motichoor Laddoo,180,90.0,108.0,36.0,0.0,234.0,1.3,54.0,
2026-07-01,Mysore Pak,180,90.0,108.0,36.0,18.0,252.0,1.4,72.0,
2026-07-01,Pista Burfi,300,150.0,0.0,0.0,0.0,150.0,0.5,-150.0,
2026-07-02,Pista Burfi,180,90.0,0.0,0.0,0.0,90.0,0.5,-90.0,
2026-07-02,Mysore Pak,180,0.0,108.0,36.0,0.0,144.0,0.8,-36.0,
2026-07-03,Motichoor Laddoo,300,150.0,180.0,0.0,30.0,360.0,1.2,60.0,
2026-07-03,Kaju Katli Classic,300,150.0,0.0,60.0,0.0,210.0,0.7,-90.0,
2026-07-03,Pista Burfi,480,240.0,0.0,144.0,0.0,384.0,0.8,-96.0,
2026-07-04,Coconut Laddoo,600,180.0,360.0,120.0,60.0,720.0,1.2,120.0,
2026-07-04,Milk Peda,180,54.0,72.0,36.0,0.0,162.0,0.9,-18.0,
2026-07-04,Mysore Pak,300,0.0,120.0,60.0,0.0,180.0,0.6,-120.0,
2026-07-05,Milk Peda,300,0.0,120.0,0.0,0.0,120.0,0.4,-180.0,
2026-07-05,Coconut Laddoo,300,150.0,120.0,0.0,0.0,270.0,0.9,-30.0,
2026-07-05,Besan Laddoo,600,300.0,240.0,120.0,60.0,720.0,1.2,120.0,
2026-07-05,Kaju Katli Classic,480,0.0,192.0,0.0,48.0,240.0,0.5,-240.0,
2026-07-06,Badam Katli,480,0.0,192.0,144.0,48.0,384.0,0.8,-96.0,
2026-07-06,Besan Laddoo,300,150.0,120.0,90.0,30.0,390.0,1.3,90.0,
